product_relation_key,product,relation_type,rule,is_active,is_rebuild_scheduled
pr-1,001,up-selling,"{""condition"":""AND"",""rules"":[{""condition"":null,""rules"":{},""id"":""product_sku"",""field"":""product_sku"",""type"":""string"",""input"":""text"",""operator"":""in"",""value"":""004,005,006,007,008,009,010,011,012,013,014,015""}],""id"":null,""field"":null,""type"":null,""input"":null,""operator"":null,""value"":null}",1,1
pr-2,004,up-selling,"{""condition"":""AND"",""rules"":[{""condition"":null,""rules"":{},""id"":""product_sku"",""field"":""product_sku"",""type"":""string"",""input"":""text"",""operator"":""in"",""value"":""007,008,009,010,011,012,013,014,015""}],""id"":null,""field"":null,""type"":null,""input"":null,""operator"":null,""value"":null}",1,1
pr-3,007,up-selling,"{""condition"":""AND"",""rules"":[{""condition"":null,""rules"":{},""id"":""product_sku"",""field"":""product_sku"",""type"":""string"",""input"":""text"",""operator"":""in"",""value"":""010,011,012,013,014,015""}],""id"":null,""field"":null,""type"":null,""input"":null,""operator"":null,""value"":null}",1,1
pr-4,010,up-selling,"{""condition"":""AND"",""rules"":[{""condition"":null,""rules"":{},""id"":""product_sku"",""field"":""product_sku"",""type"":""string"",""input"":""text"",""operator"":""in"",""value"":""012,013,014,015""}],""id"":null,""field"":null,""type"":null,""input"":null,""operator"":null,""value"":null}",1,1
pr-5,016,up-selling,"{""condition"":""AND"",""rules"":[{""condition"":null,""rules"":{},""id"":""product_sku"",""field"":""product_sku"",""type"":""string"",""input"":""text"",""operator"":""in"",""value"":""018,019,020,021,022,023,024,025,026,027,028,029""}],""id"":null,""field"":null,""type"":null,""input"":null,""operator"":null,""value"":null}",1,1
pr-6,018,up-selling,"{""condition"":""AND"",""rules"":[{""condition"":null,""rules"":{},""id"":""product_sku"",""field"":""product_sku"",""type"":""string"",""input"":""text"",""operator"":""in"",""value"":""022,023,024,025,026,027,028,029""}],""id"":null,""field"":null,""type"":null,""input"":null,""operator"":null,""value"":null}",1,1
pr-7,022,up-selling,"{""condition"":""AND"",""rules"":[{""condition"":null,""rules"":{},""id"":""product_sku"",""field"":""product_sku"",""type"":""string"",""input"":""text"",""operator"":""in"",""value"":""024,025,026,027,028,029""}],""id"":null,""field"":null,""type"":null,""input"":null,""operator"":null,""value"":null}",1,1
pr-8,032,up-selling,"{""condition"":""AND"",""rules"":[{""condition"":null,""rules"":{},""id"":""product_sku"",""field"":""product_sku"",""type"":""string"",""input"":""text"",""operator"":""in"",""value"":""037,038""}],""id"":null,""field"":null,""type"":null,""input"":null,""operator"":null,""value"":null}",1,1
pr-9,039,up-selling,"{""condition"":""AND"",""rules"":[{""condition"":null,""rules"":{},""id"":""product_sku"",""field"":""product_sku"",""type"":""string"",""input"":""text"",""operator"":""in"",""value"":""032,033,034,037,038""}],""id"":null,""field"":null,""type"":null,""input"":null,""operator"":null,""value"":null}",1,1
pr-10,063,up-selling,"{""condition"":""AND"",""rules"":[{""condition"":null,""rules"":{},""id"":""product_sku"",""field"":""product_sku"",""type"":""string"",""input"":""text"",""operator"":""in"",""value"":""042,043,044,045.046,047,048,049,050,051,052,053,061,062,065,066,067,068,069""}],""id"":null,""field"":null,""type"":null,""input"":null,""operator"":null,""value"":null}",1,1
pr-11,061,up-selling,"{""condition"":""AND"",""rules"":[{""condition"":null,""rules"":{},""id"":""product_sku"",""field"":""product_sku"",""type"":""string"",""input"":""text"",""operator"":""in"",""value"":""042,043,044,045.046,047,048,049,050,051,052,053,063,064,065,066,067,068,069""}],""id"":null,""field"":null,""type"":null,""input"":null,""operator"":null,""value"":null}",1,1
pr-12,065,up-selling,"{""condition"":""AND"",""rules"":[{""condition"":null,""rules"":{},""id"":""product_sku"",""field"":""product_sku"",""type"":""string"",""input"":""text"",""operator"":""in"",""value"":""042,043,044,045,046,047,048,051,052,053""}],""id"":null,""field"":null,""type"":null,""input"":null,""operator"":null,""value"":null}",1,1
pr-13,068,up-selling,"{""condition"":""AND"",""rules"":[{""condition"":null,""rules"":{},""id"":""product_sku"",""field"":""product_sku"",""type"":""string"",""input"":""text"",""operator"":""in"",""value"":""042,043,044,045,046,047,048,051,052,053""}],""id"":null,""field"":null,""type"":null,""input"":null,""operator"":null,""value"":null}",1,1
pr-14,045,up-selling,"{""condition"":""AND"",""rules"":[{""condition"":null,""rules"":{},""id"":""product_sku"",""field"":""product_sku"",""type"":""string"",""input"":""text"",""operator"":""in"",""value"":""042,043,044""}],""id"":null,""field"":null,""type"":null,""input"":null,""operator"":null,""value"":null}",1,1
pr-15,051,up-selling,"{""condition"":""AND"",""rules"":[{""condition"":null,""rules"":{},""id"":""product_sku"",""field"":""product_sku"",""type"":""string"",""input"":""text"",""operator"":""in"",""value"":""042,043,044""}],""id"":null,""field"":null,""type"":null,""input"":null,""operator"":null,""value"":null}",1,1
pr-16,100,up-selling,"{""condition"":""AND"",""rules"":[{""condition"":null,""rules"":{},""id"":""product_sku"",""field"":""product_sku"",""type"":""string"",""input"":""text"",""operator"":""in"",""value"":""101""}],""id"":null,""field"":null,""type"":null,""input"":null,""operator"":null,""value"":null}",1,1
pr-17,108,up-selling,"{""condition"":""AND"",""rules"":[{""condition"":null,""rules"":{},""id"":""product_sku"",""field"":""product_sku"",""type"":""string"",""input"":""text"",""operator"":""in"",""value"":""110""}],""id"":null,""field"":null,""type"":null,""input"":null,""operator"":null,""value"":null}",1,1
pr-18,118,up-selling,"{""condition"":""AND"",""rules"":[{""condition"":null,""rules"":{},""id"":""product_sku"",""field"":""product_sku"",""type"":""string"",""input"":""text"",""operator"":""in"",""value"":""117,120,116,119""}],""id"":null,""field"":null,""type"":null,""input"":null,""operator"":null,""value"":null}",1,1
pr-19,117,up-selling,"{""condition"":""AND"",""rules"":[{""condition"":null,""rules"":{},""id"":""product_sku"",""field"":""product_sku"",""type"":""string"",""input"":""text"",""operator"":""in"",""value"":""117,120""}],""id"":null,""field"":null,""type"":null,""input"":null,""operator"":null,""value"":null}",1,1
pr-20,120,up-selling,"{""condition"":""AND"",""rules"":[{""condition"":null,""rules"":{},""id"":""product_sku"",""field"":""product_sku"",""type"":""string"",""input"":""text"",""operator"":""in"",""value"":""117,120""}],""id"":null,""field"":null,""type"":null,""input"":null,""operator"":null,""value"":null}",1,1
pr-21,116,up-selling,"{""condition"":""AND"",""rules"":[{""condition"":null,""rules"":{},""id"":""product_sku"",""field"":""product_sku"",""type"":""string"",""input"":""text"",""operator"":""in"",""value"":""117""}],""id"":null,""field"":null,""type"":null,""input"":null,""operator"":null,""value"":null}",1,1
pr-22,122,up-selling,"{""condition"":""AND"",""rules"":[{""condition"":null,""rules"":{},""id"":""product_sku"",""field"":""product_sku"",""type"":""string"",""input"":""text"",""operator"":""in"",""value"":""123""}],""id"":null,""field"":null,""type"":null,""input"":null,""operator"":null,""value"":null}",1,1
pr-23,124,up-selling,"{""condition"":""AND"",""rules"":[{""condition"":null,""rules"":{},""id"":""product_sku"",""field"":""product_sku"",""type"":""string"",""input"":""text"",""operator"":""in"",""value"":""125""}],""id"":null,""field"":null,""type"":null,""input"":null,""operator"":null,""value"":null}",1,1
pr-24,126,up-selling,"{""condition"":""AND"",""rules"":[{""condition"":null,""rules"":{},""id"":""product_sku"",""field"":""product_sku"",""type"":""string"",""input"":""text"",""operator"":""in"",""value"":""127""}],""id"":null,""field"":null,""type"":null,""input"":null,""operator"":null,""value"":null}",1,1
pr-25,130,up-selling,"{""condition"":""AND"",""rules"":[{""condition"":null,""rules"":{},""id"":""product_sku"",""field"":""product_sku"",""type"":""string"",""input"":""text"",""operator"":""in"",""value"":""131""}],""id"":null,""field"":null,""type"":null,""input"":null,""operator"":null,""value"":null}",1,1
pr-26,137,up-selling,"{""condition"":""AND"",""rules"":[{""condition"":null,""rules"":{},""id"":""product_sku"",""field"":""product_sku"",""type"":""string"",""input"":""text"",""operator"":""in"",""value"":""138""}],""id"":null,""field"":null,""type"":null,""input"":null,""operator"":null,""value"":null}",1,1
pr-27,157,up-selling,"{""condition"":""AND"",""rules"":[{""condition"":null,""rules"":{},""id"":""product_sku"",""field"":""product_sku"",""type"":""string"",""input"":""text"",""operator"":""in"",""value"":""159,160,161,162,163,164,165,166""}],""id"":null,""field"":null,""type"":null,""input"":null,""operator"":null,""value"":null}",1,1
pr-28,159,up-selling,"{""condition"":""AND"",""rules"":[{""condition"":null,""rules"":{},""id"":""product_sku"",""field"":""product_sku"",""type"":""string"",""input"":""text"",""operator"":""in"",""value"":""042,043,044""}],""id"":null,""field"":null,""type"":null,""input"":null,""operator"":null,""value"":null}",1,1
pr-29,160,up-selling,"{""condition"":""AND"",""rules"":[{""condition"":null,""rules"":{},""id"":""product_sku"",""field"":""product_sku"",""type"":""string"",""input"":""text"",""operator"":""in"",""value"":""163,164,165,165,166,166""}],""id"":null,""field"":null,""type"":null,""input"":null,""operator"":null,""value"":null}",1,1
pr-30,161,up-selling,"{""condition"":""AND"",""rules"":[{""condition"":null,""rules"":{},""id"":""product_sku"",""field"":""product_sku"",""type"":""string"",""input"":""text"",""operator"":""in"",""value"":""165,166,167""}],""id"":null,""field"":null,""type"":null,""input"":null,""operator"":null,""value"":null}",1,1
pr-31,163,up-selling,"{""condition"":""AND"",""rules"":[{""condition"":null,""rules"":{},""id"":""product_sku"",""field"":""product_sku"",""type"":""string"",""input"":""text"",""operator"":""in"",""value"":""165,166""}],""id"":null,""field"":null,""type"":null,""input"":null,""operator"":null,""value"":null}",1,1
pr-32,207,up-selling,"{""condition"":""AND"",""rules"":[{""condition"":null,""rules"":{},""id"":""product_sku"",""field"":""product_sku"",""type"":""string"",""input"":""text"",""operator"":""in"",""value"":""205,206""}],""id"":null,""field"":null,""type"":null,""input"":null,""operator"":null,""value"":null}",1,1
pr-33,209,up-selling,"{""condition"":""AND"",""rules"":[{""condition"":null,""rules"":{},""id"":""product_sku"",""field"":""product_sku"",""type"":""string"",""input"":""text"",""operator"":""in"",""value"":""205,206""}],""id"":null,""field"":null,""type"":null,""input"":null,""operator"":null,""value"":null}",1,1
pr-34,001,related-products,"{""condition"":""AND"",""rules"":[{""condition"":null,""rules"":{},""id"":""product_category_name"",""field"":""spy_category_attribute.name"",""type"":""string"",""input"":""text"",""operator"":""equal"",""value"":""Digital Cameras""},{""condition"":null,""rules"":{},""id"":""product.json.brand"",""field"":""spy_product_abstract.attributes"",""type"":""string"",""input"":""text"",""operator"":""greater"",""value"":""Canon""}],""id"":null,""field"":null,""type"":null,""input"":null,""operator"":null,""value"":null}",1,1
pr-35,004,related-products,"{""condition"":""AND"",""rules"":[{""condition"":null,""rules"":{},""id"":""product_category_name"",""field"":""spy_category_attribute.name"",""type"":""string"",""input"":""text"",""operator"":""equal"",""value"":""Digital Cameras""},{""condition"":null,""rules"":{},""id"":""product.json.brand"",""field"":""spy_product_abstract.attributes"",""type"":""string"",""input"":""text"",""operator"":""greater"",""value"":""Canon""}],""id"":null,""field"":null,""type"":null,""input"":null,""operator"":null,""value"":null}",1,1
pr-36,007,related-products,"{""condition"":""AND"",""rules"":[{""condition"":null,""rules"":{},""id"":""product_category_name"",""field"":""spy_category_attribute.name"",""type"":""string"",""input"":""text"",""operator"":""equal"",""value"":""Digital Cameras""},{""condition"":null,""rules"":{},""id"":""product.json.brand"",""field"":""spy_product_abstract.attributes"",""type"":""string"",""input"":""text"",""operator"":""greater"",""value"":""Canon""}],""id"":null,""field"":null,""type"":null,""input"":null,""operator"":null,""value"":null}",1,1
pr-37,010,related-products,"{""condition"":""AND"",""rules"":[{""condition"":null,""rules"":{},""id"":""product_category_name"",""field"":""spy_category_attribute.name"",""type"":""string"",""input"":""text"",""operator"":""equal"",""value"":""Digital Cameras""},{""condition"":null,""rules"":{},""id"":""product.json.brand"",""field"":""spy_product_abstract.attributes"",""type"":""string"",""input"":""text"",""operator"":""greater"",""value"":""Canon""}],""id"":null,""field"":null,""type"":null,""input"":null,""operator"":null,""value"":null}",1,1
pr-38,012,related-products,"{""condition"":""AND"",""rules"":[{""condition"":null,""rules"":{},""id"":""product_category_name"",""field"":""spy_category_attribute.name"",""type"":""string"",""input"":""text"",""operator"":""equal"",""value"":""Digital Cameras""},{""condition"":null,""rules"":{},""id"":""product.json.brand"",""field"":""spy_product_abstract.attributes"",""type"":""string"",""input"":""text"",""operator"":""greater"",""value"":""Canon""}],""id"":null,""field"":null,""type"":null,""input"":null,""operator"":null,""value"":null}",1,1
pr-39,014,related-products,"{""condition"":""AND"",""rules"":[{""condition"":null,""rules"":{},""id"":""product_category_name"",""field"":""spy_category_attribute.name"",""type"":""string"",""input"":""text"",""operator"":""equal"",""value"":""Digital Cameras""},{""condition"":null,""rules"":{},""id"":""product.json.brand"",""field"":""spy_product_abstract.attributes"",""type"":""string"",""input"":""text"",""operator"":""greater"",""value"":""Canon""}],""id"":null,""field"":null,""type"":null,""input"":null,""operator"":null,""value"":null}",1,1
pr-40,016,related-products,"{""condition"":""AND"",""rules"":[{""condition"":null,""rules"":{},""id"":""product_category_name"",""field"":""spy_category_attribute.name"",""type"":""string"",""input"":""text"",""operator"":""equal"",""value"":""Digital Cameras""},{""condition"":null,""rules"":{},""id"":""product.json.brand"",""field"":""spy_product_abstract.attributes"",""type"":""string"",""input"":""text"",""operator"":""greater"",""value"":""Sony""}],""id"":null,""field"":null,""type"":null,""input"":null,""operator"":null,""value"":null}",1,1
pr-41,018,related-products,"{""condition"":""AND"",""rules"":[{""condition"":null,""rules"":{},""id"":""product_category_name"",""field"":""spy_category_attribute.name"",""type"":""string"",""input"":""text"",""operator"":""equal"",""value"":""Digital Cameras""},{""condition"":null,""rules"":{},""id"":""product.json.brand"",""field"":""spy_product_abstract.attributes"",""type"":""string"",""input"":""text"",""operator"":""greater"",""value"":""Sony""}],""id"":null,""field"":null,""type"":null,""input"":null,""operator"":null,""value"":null}",1,1
pr-42,022,related-products,"{""condition"":""AND"",""rules"":[{""condition"":null,""rules"":{},""id"":""product_category_name"",""field"":""spy_category_attribute.name"",""type"":""string"",""input"":""text"",""operator"":""equal"",""value"":""Digital Cameras""},{""condition"":null,""rules"":{},""id"":""product.json.brand"",""field"":""spy_product_abstract.attributes"",""type"":""string"",""input"":""text"",""operator"":""greater"",""value"":""Sony""}],""id"":null,""field"":null,""type"":null,""input"":null,""operator"":null,""value"":null}",1,1
pr-43,024,related-products,"{""condition"":""AND"",""rules"":[{""condition"":null,""rules"":{},""id"":""product_category_name"",""field"":""spy_category_attribute.name"",""type"":""string"",""input"":""text"",""operator"":""equal"",""value"":""Digital Cameras""},{""condition"":null,""rules"":{},""id"":""product.json.brand"",""field"":""spy_product_abstract.attributes"",""type"":""string"",""input"":""text"",""operator"":""greater"",""value"":""Sony""}],""id"":null,""field"":null,""type"":null,""input"":null,""operator"":null,""value"":null}",1,1
pr-44,027,related-products,"{""condition"":""AND"",""rules"":[{""condition"":null,""rules"":{},""id"":""product_category_name"",""field"":""spy_category_attribute.name"",""type"":""string"",""input"":""text"",""operator"":""equal"",""value"":""Digital Cameras""},{""condition"":null,""rules"":{},""id"":""product.json.brand"",""field"":""spy_product_abstract.attributes"",""type"":""string"",""input"":""text"",""operator"":""greater"",""value"":""Sony""}],""id"":null,""field"":null,""type"":null,""input"":null,""operator"":null,""value"":null}",1,1
pr-45,030,related-products,"{""condition"":""AND"",""rules"":[{""condition"":null,""rules"":{},""id"":""product_category_name"",""field"":""spy_category_attribute.name"",""type"":""string"",""input"":""text"",""operator"":""equal"",""value"":""Digital Cameras""},{""condition"":null,""rules"":{},""id"":""product.json.brand"",""field"":""spy_product_abstract.attributes"",""type"":""string"",""input"":""text"",""operator"":""greater"",""value"":""Canon""}],""id"":null,""field"":null,""type"":null,""input"":null,""operator"":null,""value"":null}",1,1
pr-46,032,related-products,"{""condition"":""AND"",""rules"":[{""condition"":null,""rules"":{},""id"":""product_category_name"",""field"":""spy_category_attribute.name"",""type"":""string"",""input"":""text"",""operator"":""equal"",""value"":""Digital Cameras""},{""condition"":null,""rules"":{},""id"":""product.json.brand"",""field"":""spy_product_abstract.attributes"",""type"":""string"",""input"":""text"",""operator"":""greater"",""value"":""Canon""}],""id"":null,""field"":null,""type"":null,""input"":null,""operator"":null,""value"":null}",1,1
pr-47,035,related-products,"{""condition"":""AND"",""rules"":[{""condition"":null,""rules"":{},""id"":""product_category_name"",""field"":""spy_category_attribute.name"",""type"":""string"",""input"":""text"",""operator"":""equal"",""value"":""Digital Cameras""},{""condition"":null,""rules"":{},""id"":""product.json.brand"",""field"":""spy_product_abstract.attributes"",""type"":""string"",""input"":""text"",""operator"":""greater"",""value"":""Canon""}],""id"":null,""field"":null,""type"":null,""input"":null,""operator"":null,""value"":null}",1,1
pr-48,037,related-products,"{""condition"":""AND"",""rules"":[{""condition"":null,""rules"":{},""id"":""product_category_name"",""field"":""spy_category_attribute.name"",""type"":""string"",""input"":""text"",""operator"":""equal"",""value"":""Digital Cameras""},{""condition"":null,""rules"":{},""id"":""product.json.brand"",""field"":""spy_product_abstract.attributes"",""type"":""string"",""input"":""text"",""operator"":""greater"",""value"":""Canon""}],""id"":null,""field"":null,""type"":null,""input"":null,""operator"":null,""value"":null}",1,1
pr-49,039,related-products,"{""condition"":""AND"",""rules"":[{""condition"":null,""rules"":{},""id"":""product_category_name"",""field"":""spy_category_attribute.name"",""type"":""string"",""input"":""text"",""operator"":""equal"",""value"":""Digital Cameras""},{""condition"":null,""rules"":{},""id"":""product.json.brand"",""field"":""spy_product_abstract.attributes"",""type"":""string"",""input"":""text"",""operator"":""greater"",""value"":""Canon""}],""id"":null,""field"":null,""type"":null,""input"":null,""operator"":null,""value"":null}",1,1
pr-50,042,related-products,"{""condition"":""AND"",""rules"":[{""condition"":null,""rules"":{},""id"":""product_category_name"",""field"":""spy_category_attribute.name"",""type"":""string"",""input"":""text"",""operator"":""equal"",""value"":""Smartphones""},{""condition"":null,""rules"":{},""id"":""product.json.brand"",""field"":""spy_product_abstract.attributes"",""type"":""string"",""input"":""text"",""operator"":""greater"",""value"":""Samsung""}],""id"":null,""field"":null,""type"":null,""input"":null,""operator"":null,""value"":null}",1,1
pr-51,045,related-products,"{""condition"":""AND"",""rules"":[{""condition"":null,""rules"":{},""id"":""product_category_name"",""field"":""spy_category_attribute.name"",""type"":""string"",""input"":""text"",""operator"":""equal"",""value"":""Smartphones""},{""condition"":null,""rules"":{},""id"":""product.json.brand"",""field"":""spy_product_abstract.attributes"",""type"":""string"",""input"":""text"",""operator"":""greater"",""value"":""Samsung""}],""id"":null,""field"":null,""type"":null,""input"":null,""operator"":null,""value"":null}",1,1
pr-52,049,related-products,"{""condition"":""AND"",""rules"":[{""condition"":null,""rules"":{},""id"":""product_category_name"",""field"":""spy_category_attribute.name"",""type"":""string"",""input"":""text"",""operator"":""equal"",""value"":""Smartphones""},{""condition"":null,""rules"":{},""id"":""product.json.brand"",""field"":""spy_product_abstract.attributes"",""type"":""string"",""input"":""text"",""operator"":""greater"",""value"":""Samsung""}],""id"":null,""field"":null,""type"":null,""input"":null,""operator"":null,""value"":null}",1,1
pr-53,051,related-products,"{""condition"":""AND"",""rules"":[{""condition"":null,""rules"":{},""id"":""product_category_name"",""field"":""spy_category_attribute.name"",""type"":""string"",""input"":""text"",""operator"":""equal"",""value"":""Smartphones""},{""condition"":null,""rules"":{},""id"":""product.json.brand"",""field"":""spy_product_abstract.attributes"",""type"":""string"",""input"":""text"",""operator"":""greater"",""value"":""Samsung""}],""id"":null,""field"":null,""type"":null,""input"":null,""operator"":null,""value"":null}",1,1
pr-54,054,related-products,"{""condition"":""AND"",""rules"":[{""condition"":null,""rules"":{},""id"":""product_category_name"",""field"":""spy_category_attribute.name"",""type"":""string"",""input"":""text"",""operator"":""equal"",""value"":""Smartphones""}],""id"":null,""field"":null,""type"":null,""input"":null,""operator"":null,""value"":null}",1,1
pr-55,056,related-products,"{""condition"":""AND"",""rules"":[{""condition"":null,""rules"":{},""id"":""product_category_name"",""field"":""spy_category_attribute.name"",""type"":""string"",""input"":""text"",""operator"":""equal"",""value"":""Smartphones""}],""id"":null,""field"":null,""type"":null,""input"":null,""operator"":null,""value"":null}",1,1
pr-56,058,related-products,"{""condition"":""AND"",""rules"":[{""condition"":null,""rules"":{},""id"":""product_category_name"",""field"":""spy_category_attribute.name"",""type"":""string"",""input"":""text"",""operator"":""equal"",""value"":""Smartphones""}],""id"":null,""field"":null,""type"":null,""input"":null,""operator"":null,""value"":null}",1,1
pr-57,061,related-products,"{""condition"":""AND"",""rules"":[{""condition"":null,""rules"":{},""id"":""product_category_name"",""field"":""spy_category_attribute.name"",""type"":""string"",""input"":""text"",""operator"":""equal"",""value"":""Smartphones""}],""id"":null,""field"":null,""type"":null,""input"":null,""operator"":null,""value"":null}",1,1
pr-58,063,related-products,"{""condition"":""AND"",""rules"":[{""condition"":null,""rules"":{},""id"":""product_category_name"",""field"":""spy_category_attribute.name"",""type"":""string"",""input"":""text"",""operator"":""equal"",""value"":""Smartphones""}],""id"":null,""field"":null,""type"":null,""input"":null,""operator"":null,""value"":null}",1,1
pr-59,065,related-products,"{""condition"":""AND"",""rules"":[{""condition"":null,""rules"":{},""id"":""product_category_name"",""field"":""spy_category_attribute.name"",""type"":""string"",""input"":""text"",""operator"":""equal"",""value"":""Smartphones""}],""id"":null,""field"":null,""type"":null,""input"":null,""operator"":null,""value"":null}",1,1
pr-60,068,related-products,"{""condition"":""AND"",""rules"":[{""condition"":null,""rules"":{},""id"":""product_category_name"",""field"":""spy_category_attribute.name"",""type"":""string"",""input"":""text"",""operator"":""equal"",""value"":""Smartphones""}],""id"":null,""field"":null,""type"":null,""input"":null,""operator"":null,""value"":null}",1,1
pr-61,070,related-products,"{""condition"":""AND"",""rules"":[{""condition"":null,""rules"":{},""id"":""product_category_name"",""field"":""spy_category_attribute.name"",""type"":""string"",""input"":""text"",""operator"":""equal"",""value"":""Smartphones""}],""id"":null,""field"":null,""type"":null,""input"":null,""operator"":null,""value"":null}",1,1
pr-62,071,related-products,"{""condition"":""AND"",""rules"":[{""condition"":null,""rules"":{},""id"":""product_category_name"",""field"":""spy_category_attribute.name"",""type"":""string"",""input"":""text"",""operator"":""equal"",""value"":""Smartphones""}],""id"":null,""field"":null,""type"":null,""input"":null,""operator"":null,""value"":null}",1,1
pr-63,072,related-products,"{""condition"":""AND"",""rules"":[{""condition"":null,""rules"":{},""id"":""product_category_name"",""field"":""spy_category_attribute.name"",""type"":""string"",""input"":""text"",""operator"":""equal"",""value"":""Smartphones""}],""id"":null,""field"":null,""type"":null,""input"":null,""operator"":null,""value"":null}",1,1
pr-64,074,related-products,"{""condition"":""AND"",""rules"":[{""condition"":null,""rules"":{},""id"":""product_category_name"",""field"":""spy_category_attribute.name"",""type"":""string"",""input"":""text"",""operator"":""equal"",""value"":""Smartphones""}],""id"":null,""field"":null,""type"":null,""input"":null,""operator"":null,""value"":null}",1,1
pr-65,081,related-products,"{""condition"":""AND"",""rules"":[{""condition"":null,""rules"":{},""id"":""product.json.brand"",""field"":""spy_product_abstract.attributes"",""type"":""string"",""input"":""text"",""operator"":""equal"",""value"":""TomTom""}],""id"":null,""field"":null,""type"":null,""input"":null,""operator"":null,""value"":null}",1,1
pr-66,083,related-products,"{""condition"":""AND"",""rules"":[{""condition"":null,""rules"":{},""id"":""product.json.brand"",""field"":""spy_product_abstract.attributes"",""type"":""string"",""input"":""text"",""operator"":""equal"",""value"":""Samsung""}],""id"":null,""field"":null,""type"":null,""input"":null,""operator"":null,""value"":null}",1,1
pr-67,086,related-products,"{""condition"":""AND"",""rules"":[{""condition"":null,""rules"":{},""id"":""product.json.brand"",""field"":""spy_product_abstract.attributes"",""type"":""string"",""input"":""text"",""operator"":""equal"",""value"":""Samsung""}],""id"":null,""field"":null,""type"":null,""input"":null,""operator"":null,""value"":null}",1,1
pr-68,088,related-products,"{""condition"":""AND"",""rules"":[{""condition"":null,""rules"":{},""id"":""product.json.brand"",""field"":""spy_product_abstract.attributes"",""type"":""string"",""input"":""text"",""operator"":""equal"",""value"":""Sony""}],""id"":null,""field"":null,""type"":null,""input"":null,""operator"":null,""value"":null}",1,1
pr-69,090,related-products,"{""condition"":""AND"",""rules"":[{""condition"":null,""rules"":{},""id"":""product.json.brand"",""field"":""spy_product_abstract.attributes"",""type"":""string"",""input"":""text"",""operator"":""equal"",""value"":""Sony""}],""id"":null,""field"":null,""type"":null,""input"":null,""operator"":null,""value"":null}",1,1
pr-70,094,related-products,"{""condition"":""AND"",""rules"":[{""condition"":null,""rules"":{},""id"":""product.json.brand"",""field"":""spy_product_abstract.attributes"",""type"":""string"",""input"":""text"",""operator"":""equal"",""value"":""Sony""}],""id"":null,""field"":null,""type"":null,""input"":null,""operator"":null,""value"":null}",1,1
pr-71,095,related-products,"{""condition"":""AND"",""rules"":[{""condition"":null,""rules"":{},""id"":""product.json.brand"",""field"":""spy_product_abstract.attributes"",""type"":""string"",""input"":""text"",""operator"":""equal"",""value"":""TomTom""}],""id"":null,""field"":null,""type"":null,""input"":null,""operator"":null,""value"":null}",1,1
pr-72,099,related-products,"{""condition"":""AND"",""rules"":[{""condition"":null,""rules"":{},""id"":""product.json.brand"",""field"":""spy_product_abstract.attributes"",""type"":""string"",""input"":""text"",""operator"":""equal"",""value"":""ASUS""}],""id"":null,""field"":null,""type"":null,""input"":null,""operator"":null,""value"":null}",1,1
pr-73,100,related-products,"{""condition"":""AND"",""rules"":[{""condition"":null,""rules"":{},""id"":""product.json.brand"",""field"":""spy_product_abstract.attributes"",""type"":""string"",""input"":""text"",""operator"":""equal"",""value"":""Acer""}],""id"":null,""field"":null,""type"":null,""input"":null,""operator"":null,""value"":null}",1,1
pr-74,101,related-products,"{""condition"":""AND"",""rules"":[{""condition"":null,""rules"":{},""id"":""product.json.brand"",""field"":""spy_product_abstract.attributes"",""type"":""string"",""input"":""text"",""operator"":""equal"",""value"":""Acer""}],""id"":null,""field"":null,""type"":null,""input"":null,""operator"":null,""value"":null}",1,1
pr-75,102,related-products,"{""condition"":""AND"",""rules"":[{""condition"":null,""rules"":{},""id"":""product.json.brand"",""field"":""spy_product_abstract.attributes"",""type"":""string"",""input"":""text"",""operator"":""equal"",""value"":""Tomtom""}],""id"":null,""field"":null,""type"":null,""input"":null,""operator"":null,""value"":null}",1,1
pr-76,105,related-products,"{""condition"":""AND"",""rules"":[{""condition"":null,""rules"":{},""id"":""product.json.brand"",""field"":""spy_product_abstract.attributes"",""type"":""string"",""input"":""text"",""operator"":""equal"",""value"":""Tomtom""}],""id"":null,""field"":null,""type"":null,""input"":null,""operator"":null,""value"":null}",1,1
pr-77,108,related-products,"{""condition"":""AND"",""rules"":[{""condition"":null,""rules"":{},""id"":""product.json.brand"",""field"":""spy_product_abstract.attributes"",""type"":""string"",""input"":""text"",""operator"":""equal"",""value"":""Sony""}],""id"":null,""field"":null,""type"":null,""input"":null,""operator"":null,""value"":null}",1,1
pr-78,110,related-products,"{""condition"":""AND"",""rules"":[{""condition"":null,""rules"":{},""id"":""product.json.brand"",""field"":""spy_product_abstract.attributes"",""type"":""string"",""input"":""text"",""operator"":""equal"",""value"":""Samsung""}],""id"":null,""field"":null,""type"":null,""input"":null,""operator"":null,""value"":null}",1,1
pr-79,111,related-products,"{""condition"":""AND"",""rules"":[{""condition"":null,""rules"":{},""id"":""product.json.brand"",""field"":""spy_product_abstract.attributes"",""type"":""string"",""input"":""text"",""operator"":""equal"",""value"":""Sony""}],""id"":null,""field"":null,""type"":null,""input"":null,""operator"":null,""value"":null}",1,1
pr-80,112,related-products,"{""condition"":""AND"",""rules"":[{""condition"":null,""rules"":{},""id"":""product_category_name"",""field"":""spy_category_attribute.name"",""type"":""string"",""input"":""text"",""operator"":""equal"",""value"":""Pc's/Workstations""},{""condition"":null,""rules"":{},""id"":""product.json.brand"",""field"":""spy_product_abstract.attributes"",""type"":""string"",""input"":""text"",""operator"":""greater"",""value"":""Acer""}],""id"":null,""field"":null,""type"":null,""input"":null,""operator"":null,""value"":null}",1,1
pr-81,113,related-products,"{""condition"":""AND"",""rules"":[{""condition"":null,""rules"":{},""id"":""product_category_name"",""field"":""spy_category_attribute.name"",""type"":""string"",""input"":""text"",""operator"":""equal"",""value"":""Pc's/Workstations""},{""condition"":null,""rules"":{},""id"":""product.json.brand"",""field"":""spy_product_abstract.attributes"",""type"":""string"",""input"":""text"",""operator"":""greater"",""value"":""Acer""}],""id"":null,""field"":null,""type"":null,""input"":null,""operator"":null,""value"":null}",1,1
pr-82,114,related-products,"{""condition"":""AND"",""rules"":[{""condition"":null,""rules"":{},""id"":""product_category_name"",""field"":""spy_category_attribute.name"",""type"":""string"",""input"":""text"",""operator"":""equal"",""value"":""Pc's/Workstations""},{""condition"":null,""rules"":{},""id"":""product.json.brand"",""field"":""spy_product_abstract.attributes"",""type"":""string"",""input"":""text"",""operator"":""greater"",""value"":""ASUS""}],""id"":null,""field"":null,""type"":null,""input"":null,""operator"":null,""value"":null}",1,1
pr-83,115,related-products,"{""condition"":""AND"",""rules"":[{""condition"":null,""rules"":{},""id"":""product_category_name"",""field"":""spy_category_attribute.name"",""type"":""string"",""input"":""text"",""operator"":""equal"",""value"":""Pc's/Workstations""},{""condition"":null,""rules"":{},""id"":""product.json.brand"",""field"":""spy_product_abstract.attributes"",""type"":""string"",""input"":""text"",""operator"":""greater"",""value"":""DELL""}],""id"":null,""field"":null,""type"":null,""input"":null,""operator"":null,""value"":null}",1,1
pr-84,116,related-products,"{""condition"":""AND"",""rules"":[{""condition"":null,""rules"":{},""id"":""product_category_name"",""field"":""spy_category_attribute.name"",""type"":""string"",""input"":""text"",""operator"":""equal"",""value"":""Pc's/Workstations""},{""condition"":null,""rules"":{},""id"":""product.json.brand"",""field"":""spy_product_abstract.attributes"",""type"":""string"",""input"":""text"",""operator"":""greater"",""value"":""Fujitsu""}],""id"":null,""field"":null,""type"":null,""input"":null,""operator"":null,""value"":null}",1,1
pr-85,117,related-products,"{""condition"":""AND"",""rules"":[{""condition"":null,""rules"":{},""id"":""product_category_name"",""field"":""spy_category_attribute.name"",""type"":""string"",""input"":""text"",""operator"":""equal"",""value"":""Pc's/Workstations""},{""condition"":null,""rules"":{},""id"":""product.json.brand"",""field"":""spy_product_abstract.attributes"",""type"":""string"",""input"":""text"",""operator"":""greater"",""value"":""Fujitsu""}],""id"":null,""field"":null,""type"":null,""input"":null,""operator"":null,""value"":null}",1,1
pr-86,118,related-products,"{""condition"":""AND"",""rules"":[{""condition"":null,""rules"":{},""id"":""product_category_name"",""field"":""spy_category_attribute.name"",""type"":""string"",""input"":""text"",""operator"":""equal"",""value"":""Pc's/Workstations""},{""condition"":null,""rules"":{},""id"":""product.json.brand"",""field"":""spy_product_abstract.attributes"",""type"":""string"",""input"":""text"",""operator"":""greater"",""value"":""Fujitsu""}],""id"":null,""field"":null,""type"":null,""input"":null,""operator"":null,""value"":null}",1,1
pr-87,119,related-products,"{""condition"":""AND"",""rules"":[{""condition"":null,""rules"":{},""id"":""product_category_name"",""field"":""spy_category_attribute.name"",""type"":""string"",""input"":""text"",""operator"":""equal"",""value"":""Pc's/Workstations""},{""condition"":null,""rules"":{},""id"":""product.json.brand"",""field"":""spy_product_abstract.attributes"",""type"":""string"",""input"":""text"",""operator"":""greater"",""value"":""Fujitsu""}],""id"":null,""field"":null,""type"":null,""input"":null,""operator"":null,""value"":null}",1,1
pr-88,120,related-products,"{""condition"":""AND"",""rules"":[{""condition"":null,""rules"":{},""id"":""product_category_name"",""field"":""spy_category_attribute.name"",""type"":""string"",""input"":""text"",""operator"":""equal"",""value"":""Pc's/Workstations""},{""condition"":null,""rules"":{},""id"":""product.json.brand"",""field"":""spy_product_abstract.attributes"",""type"":""string"",""input"":""text"",""operator"":""greater"",""value"":""Fujitsu""}],""id"":null,""field"":null,""type"":null,""input"":null,""operator"":null,""value"":null}",1,1
pr-89,121,related-products,"{""condition"":""AND"",""rules"":[{""condition"":null,""rules"":{},""id"":""product_category_name"",""field"":""spy_category_attribute.name"",""type"":""string"",""input"":""text"",""operator"":""equal"",""value"":""Pc's/Workstations""},{""condition"":null,""rules"":{},""id"":""product.json.brand"",""field"":""spy_product_abstract.attributes"",""type"":""string"",""input"":""text"",""operator"":""greater"",""value"":""HP""}],""id"":null,""field"":null,""type"":null,""input"":null,""operator"":null,""value"":null}",1,1
pr-90,122,related-products,"{""condition"":""AND"",""rules"":[{""condition"":null,""rules"":{},""id"":""product_category_name"",""field"":""spy_category_attribute.name"",""type"":""string"",""input"":""text"",""operator"":""equal"",""value"":""Pc's/Workstations""},{""condition"":null,""rules"":{},""id"":""product.json.brand"",""field"":""spy_product_abstract.attributes"",""type"":""string"",""input"":""text"",""operator"":""greater"",""value"":""HP""}],""id"":null,""field"":null,""type"":null,""input"":null,""operator"":null,""value"":null}",1,1
pr-91,123,related-products,"{""condition"":""AND"",""rules"":[{""condition"":null,""rules"":{},""id"":""product_category_name"",""field"":""spy_category_attribute.name"",""type"":""string"",""input"":""text"",""operator"":""equal"",""value"":""Pc's/Workstations""},{""condition"":null,""rules"":{},""id"":""product.json.brand"",""field"":""spy_product_abstract.attributes"",""type"":""string"",""input"":""text"",""operator"":""greater"",""value"":""HP""}],""id"":null,""field"":null,""type"":null,""input"":null,""operator"":null,""value"":null}",1,1
pr-92,124,related-products,"{""condition"":""AND"",""rules"":[{""condition"":null,""rules"":{},""id"":""product_category_name"",""field"":""spy_category_attribute.name"",""type"":""string"",""input"":""text"",""operator"":""equal"",""value"":""Pc's/Workstations""},{""condition"":null,""rules"":{},""id"":""product.json.brand"",""field"":""spy_product_abstract.attributes"",""type"":""string"",""input"":""text"",""operator"":""greater"",""value"":""HP""}],""id"":null,""field"":null,""type"":null,""input"":null,""operator"":null,""value"":null}",1,1
pr-93,125,related-products,"{""condition"":""AND"",""rules"":[{""condition"":null,""rules"":{},""id"":""product_category_name"",""field"":""spy_category_attribute.name"",""type"":""string"",""input"":""text"",""operator"":""equal"",""value"":""Pc's/Workstations""},{""condition"":null,""rules"":{},""id"":""product.json.brand"",""field"":""spy_product_abstract.attributes"",""type"":""string"",""input"":""text"",""operator"":""greater"",""value"":""HP""}],""id"":null,""field"":null,""type"":null,""input"":null,""operator"":null,""value"":null}",1,1
pr-94,126,related-products,"{""condition"":""AND"",""rules"":[{""condition"":null,""rules"":{},""id"":""product_category_name"",""field"":""spy_category_attribute.name"",""type"":""string"",""input"":""text"",""operator"":""equal"",""value"":""Pc's/Workstations""},{""condition"":null,""rules"":{},""id"":""product.json.brand"",""field"":""spy_product_abstract.attributes"",""type"":""string"",""input"":""text"",""operator"":""greater"",""value"":""HP""}],""id"":null,""field"":null,""type"":null,""input"":null,""operator"":null,""value"":null}",1,1
pr-95,127,related-products,"{""condition"":""AND"",""rules"":[{""condition"":null,""rules"":{},""id"":""product_category_name"",""field"":""spy_category_attribute.name"",""type"":""string"",""input"":""text"",""operator"":""equal"",""value"":""Pc's/Workstations""},{""condition"":null,""rules"":{},""id"":""product.json.brand"",""field"":""spy_product_abstract.attributes"",""type"":""string"",""input"":""text"",""operator"":""greater"",""value"":""HP""}],""id"":null,""field"":null,""type"":null,""input"":null,""operator"":null,""value"":null}",1,1
pr-96,132,related-products,"{""condition"":""AND"",""rules"":[{""condition"":null,""rules"":{},""id"":""product_category_name"",""field"":""spy_category_attribute.name"",""type"":""string"",""input"":""text"",""operator"":""equal"",""value"":""Notebooks""}],""id"":null,""field"":null,""type"":null,""input"":null,""operator"":null,""value"":null}",1,1
pr-97,134,related-products,"{""condition"":""AND"",""rules"":[{""condition"":null,""rules"":{},""id"":""product_category_name"",""field"":""spy_category_attribute.name"",""type"":""string"",""input"":""text"",""operator"":""equal"",""value"":""Notebooks""}],""id"":null,""field"":null,""type"":null,""input"":null,""operator"":null,""value"":null}",1,1
pr-98,135,related-products,"{""condition"":""AND"",""rules"":[{""condition"":null,""rules"":{},""id"":""product_category_name"",""field"":""spy_category_attribute.name"",""type"":""string"",""input"":""text"",""operator"":""equal"",""value"":""Notebooks""}],""id"":null,""field"":null,""type"":null,""input"":null,""operator"":null,""value"":null}",1,1
pr-99,136,related-products,"{""condition"":""AND"",""rules"":[{""condition"":null,""rules"":{},""id"":""product_category_name"",""field"":""spy_category_attribute.name"",""type"":""string"",""input"":""text"",""operator"":""equal"",""value"":""Notebooks""}],""id"":null,""field"":null,""type"":null,""input"":null,""operator"":null,""value"":null}",1,1
pr-100,137,related-products,"{""condition"":""AND"",""rules"":[{""condition"":null,""rules"":{},""id"":""product_category_name"",""field"":""spy_category_attribute.name"",""type"":""string"",""input"":""text"",""operator"":""equal"",""value"":""Notebooks""}],""id"":null,""field"":null,""type"":null,""input"":null,""operator"":null,""value"":null}",1,1
pr-101,138,related-products,"{""condition"":""AND"",""rules"":[{""condition"":null,""rules"":{},""id"":""product_category_name"",""field"":""spy_category_attribute.name"",""type"":""string"",""input"":""text"",""operator"":""equal"",""value"":""Notebooks""}],""id"":null,""field"":null,""type"":null,""input"":null,""operator"":null,""value"":null}",1,1
pr-102,139,related-products,"{""condition"":""AND"",""rules"":[{""condition"":null,""rules"":{},""id"":""product_category_name"",""field"":""spy_category_attribute.name"",""type"":""string"",""input"":""text"",""operator"":""equal"",""value"":""Notebooks""}],""id"":null,""field"":null,""type"":null,""input"":null,""operator"":null,""value"":null}",1,1
pr-103,141,related-products,"{""condition"":""AND"",""rules"":[{""condition"":null,""rules"":{},""id"":""product_category_name"",""field"":""spy_category_attribute.name"",""type"":""string"",""input"":""text"",""operator"":""equal"",""value"":""Notebooks""}],""id"":null,""field"":null,""type"":null,""input"":null,""operator"":null,""value"":null}",1,1
pr-104,144,related-products,"{""condition"":""AND"",""rules"":[{""condition"":null,""rules"":{},""id"":""product_category_name"",""field"":""spy_category_attribute.name"",""type"":""string"",""input"":""text"",""operator"":""equal"",""value"":""Notebooks""}],""id"":null,""field"":null,""type"":null,""input"":null,""operator"":null,""value"":null}",1,1
pr-105,145,related-products,"{""condition"":""AND"",""rules"":[{""condition"":null,""rules"":{},""id"":""product_category_name"",""field"":""spy_category_attribute.name"",""type"":""string"",""input"":""text"",""operator"":""equal"",""value"":""Notebooks""}],""id"":null,""field"":null,""type"":null,""input"":null,""operator"":null,""value"":null}",1,1
pr-106,146,related-products,"{""condition"":""AND"",""rules"":[{""condition"":null,""rules"":{},""id"":""product_category_name"",""field"":""spy_category_attribute.name"",""type"":""string"",""input"":""text"",""operator"":""equal"",""value"":""Notebooks""}],""id"":null,""field"":null,""type"":null,""input"":null,""operator"":null,""value"":null}",1,1
pr-107,147,related-products,"{""condition"":""AND"",""rules"":[{""condition"":null,""rules"":{},""id"":""product_category_name"",""field"":""spy_category_attribute.name"",""type"":""string"",""input"":""text"",""operator"":""equal"",""value"":""Notebooks""}],""id"":null,""field"":null,""type"":null,""input"":null,""operator"":null,""value"":null}",1,1
pr-108,148,related-products,"{""condition"":""AND"",""rules"":[{""condition"":null,""rules"":{},""id"":""product_category_name"",""field"":""spy_category_attribute.name"",""type"":""string"",""input"":""text"",""operator"":""equal"",""value"":""Notebooks""}],""id"":null,""field"":null,""type"":null,""input"":null,""operator"":null,""value"":null}",1,1
pr-109,149,related-products,"{""condition"":""AND"",""rules"":[{""condition"":null,""rules"":{},""id"":""product_category_name"",""field"":""spy_category_attribute.name"",""type"":""string"",""input"":""text"",""operator"":""equal"",""value"":""Notebooks""}],""id"":null,""field"":null,""type"":null,""input"":null,""operator"":null,""value"":null}",1,1
pr-110,150,related-products,"{""condition"":""AND"",""rules"":[{""condition"":null,""rules"":{},""id"":""product_category_name"",""field"":""spy_category_attribute.name"",""type"":""string"",""input"":""text"",""operator"":""equal"",""value"":""Notebooks""}],""id"":null,""field"":null,""type"":null,""input"":null,""operator"":null,""value"":null}",1,1
pr-111,152,related-products,"{""condition"":""AND"",""rules"":[{""condition"":null,""rules"":{},""id"":""product_category_name"",""field"":""spy_category_attribute.name"",""type"":""string"",""input"":""text"",""operator"":""equal"",""value"":""Notebooks""}],""id"":null,""field"":null,""type"":null,""input"":null,""operator"":null,""value"":null}",1,1
pr-112,153,related-products,"{""condition"":""AND"",""rules"":[{""condition"":null,""rules"":{},""id"":""product_category_name"",""field"":""spy_category_attribute.name"",""type"":""string"",""input"":""text"",""operator"":""equal"",""value"":""Notebooks""}],""id"":null,""field"":null,""type"":null,""input"":null,""operator"":null,""value"":null}",1,1
pr-113,154,related-products,"{""condition"":""AND"",""rules"":[{""condition"":null,""rules"":{},""id"":""product_category_name"",""field"":""spy_category_attribute.name"",""type"":""string"",""input"":""text"",""operator"":""equal"",""value"":""Notebooks""}],""id"":null,""field"":null,""type"":null,""input"":null,""operator"":null,""value"":null}",1,1
pr-114,155,related-products,"{""condition"":""AND"",""rules"":[{""condition"":null,""rules"":{},""id"":""product_category_name"",""field"":""spy_category_attribute.name"",""type"":""string"",""input"":""text"",""operator"":""equal"",""value"":""Notebooks""}],""id"":null,""field"":null,""type"":null,""input"":null,""operator"":null,""value"":null}",1,1
pr-115,156,related-products,"{""condition"":""AND"",""rules"":[{""condition"":null,""rules"":{},""id"":""product.json.brand"",""field"":""spy_product_abstract.attributes"",""type"":""string"",""input"":""text"",""operator"":""equal"",""value"":""Acer""}],""id"":null,""field"":null,""type"":null,""input"":null,""operator"":null,""value"":null}",1,1
pr-116,157,related-products,"{""condition"":""AND"",""rules"":[{""condition"":null,""rules"":{},""id"":""product.json.brand"",""field"":""spy_product_abstract.attributes"",""type"":""string"",""input"":""text"",""operator"":""equal"",""value"":""Asus""}],""id"":null,""field"":null,""type"":null,""input"":null,""operator"":null,""value"":null}",1,1
pr-117,159,related-products,"{""condition"":""AND"",""rules"":[{""condition"":null,""rules"":{},""id"":""product.json.brand"",""field"":""spy_product_abstract.attributes"",""type"":""string"",""input"":""text"",""operator"":""equal"",""value"":""Asus""}],""id"":null,""field"":null,""type"":null,""input"":null,""operator"":null,""value"":null}",1,1
pr-118,160,related-products,"{""condition"":""AND"",""rules"":[{""condition"":null,""rules"":{},""id"":""product.json.brand"",""field"":""spy_product_abstract.attributes"",""type"":""string"",""input"":""text"",""operator"":""equal"",""value"":""Asus""}],""id"":null,""field"":null,""type"":null,""input"":null,""operator"":null,""value"":null}",1,1
pr-119,161,related-products,"{""condition"":""AND"",""rules"":[{""condition"":null,""rules"":{},""id"":""product.json.brand"",""field"":""spy_product_abstract.attributes"",""type"":""string"",""input"":""text"",""operator"":""equal"",""value"":""Asus""}],""id"":null,""field"":null,""type"":null,""input"":null,""operator"":null,""value"":null}",1,1
pr-120,163,related-products,"{""condition"":""AND"",""rules"":[{""condition"":null,""rules"":{},""id"":""product.json.brand"",""field"":""spy_product_abstract.attributes"",""type"":""string"",""input"":""text"",""operator"":""equal"",""value"":""Asus""}],""id"":null,""field"":null,""type"":null,""input"":null,""operator"":null,""value"":null}",1,1
pr-121,165,related-products,"{""condition"":""AND"",""rules"":[{""condition"":null,""rules"":{},""id"":""product.json.brand"",""field"":""spy_product_abstract.attributes"",""type"":""string"",""input"":""text"",""operator"":""equal"",""value"":""Asus""}],""id"":null,""field"":null,""type"":null,""input"":null,""operator"":null,""value"":null}",1,1
pr-122,166,related-products,"{""condition"":""AND"",""rules"":[{""condition"":null,""rules"":{},""id"":""product.json.brand"",""field"":""spy_product_abstract.attributes"",""type"":""string"",""input"":""text"",""operator"":""equal"",""value"":""Asus""}],""id"":null,""field"":null,""type"":null,""input"":null,""operator"":null,""value"":null}",1,1
pr-123,173,related-products,"{""condition"":""AND"",""rules"":[{""condition"":null,""rules"":{},""id"":""product.json.brand"",""field"":""spy_product_abstract.attributes"",""type"":""string"",""input"":""text"",""operator"":""equal"",""value"":""Samsung""}],""id"":null,""field"":null,""type"":null,""input"":null,""operator"":null,""value"":null}",1,1
pr-124,175,related-products,"{""condition"":""AND"",""rules"":[{""condition"":null,""rules"":{},""id"":""product.json.brand"",""field"":""spy_product_abstract.attributes"",""type"":""string"",""input"":""text"",""operator"":""equal"",""value"":""Samsung""}],""id"":null,""field"":null,""type"":null,""input"":null,""operator"":null,""value"":null}",1,1
pr-125,176,related-products,"{""condition"":""AND"",""rules"":[{""condition"":null,""rules"":{},""id"":""product.json.brand"",""field"":""spy_product_abstract.attributes"",""type"":""string"",""input"":""text"",""operator"":""equal"",""value"":""Samsung""}],""id"":null,""field"":null,""type"":null,""input"":null,""operator"":null,""value"":null}",1,1
pr-126,177,related-products,"{""condition"":""AND"",""rules"":[{""condition"":null,""rules"":{},""id"":""product.json.brand"",""field"":""spy_product_abstract.attributes"",""type"":""string"",""input"":""text"",""operator"":""equal"",""value"":""Samsung""}],""id"":null,""field"":null,""type"":null,""input"":null,""operator"":null,""value"":null}",1,1
pr-127,178,related-products,"{""condition"":""AND"",""rules"":[{""condition"":null,""rules"":{},""id"":""product.json.brand"",""field"":""spy_product_abstract.attributes"",""type"":""string"",""input"":""text"",""operator"":""equal"",""value"":""Samsung""}],""id"":null,""field"":null,""type"":null,""input"":null,""operator"":null,""value"":null}",1,1
pr-128,180,related-products,"{""condition"":""AND"",""rules"":[{""condition"":null,""rules"":{},""id"":""product.json.brand"",""field"":""spy_product_abstract.attributes"",""type"":""string"",""input"":""text"",""operator"":""equal"",""value"":""Samsung""}],""id"":null,""field"":null,""type"":null,""input"":null,""operator"":null,""value"":null}",1,1
pr-129,182,related-products,"{""condition"":""AND"",""rules"":[{""condition"":null,""rules"":{},""id"":""product.json.brand"",""field"":""spy_product_abstract.attributes"",""type"":""string"",""input"":""text"",""operator"":""equal"",""value"":""Samsung""}],""id"":null,""field"":null,""type"":null,""input"":null,""operator"":null,""value"":null}",1,1
pr-130,183,related-products,"{""condition"":""AND"",""rules"":[{""condition"":null,""rules"":{},""id"":""product.json.brand"",""field"":""spy_product_abstract.attributes"",""type"":""string"",""input"":""text"",""operator"":""equal"",""value"":""Sony""}],""id"":null,""field"":null,""type"":null,""input"":null,""operator"":null,""value"":null}",1,1
pr-131,184,related-products,"{""condition"":""AND"",""rules"":[{""condition"":null,""rules"":{},""id"":""product.json.brand"",""field"":""spy_product_abstract.attributes"",""type"":""string"",""input"":""text"",""operator"":""equal"",""value"":""Canon""}],""id"":null,""field"":null,""type"":null,""input"":null,""operator"":null,""value"":null}",1,1
pr-132,185,related-products,"{""condition"":""AND"",""rules"":[{""condition"":null,""rules"":{},""id"":""product.json.brand"",""field"":""spy_product_abstract.attributes"",""type"":""string"",""input"":""text"",""operator"":""equal"",""value"":""Canon""}],""id"":null,""field"":null,""type"":null,""input"":null,""operator"":null,""value"":null}",1,1
pr-133,191,related-products,"{""condition"":""AND"",""rules"":[{""condition"":null,""rules"":{},""id"":""product.json.brand"",""field"":""spy_product_abstract.attributes"",""type"":""string"",""input"":""text"",""operator"":""equal"",""value"":""Samsung""}],""id"":null,""field"":null,""type"":null,""input"":null,""operator"":null,""value"":null}",1,1
pr-134,193,related-products,"{""condition"":""AND"",""rules"":[{""condition"":null,""rules"":{},""id"":""product.json.brand"",""field"":""spy_product_abstract.attributes"",""type"":""string"",""input"":""text"",""operator"":""equal"",""value"":""Sony""}],""id"":null,""field"":null,""type"":null,""input"":null,""operator"":null,""value"":null}",1,1
pr-135,194,related-products,"{""condition"":""AND"",""rules"":[{""condition"":null,""rules"":{},""id"":""product.json.brand"",""field"":""spy_product_abstract.attributes"",""type"":""string"",""input"":""text"",""operator"":""equal"",""value"":""Sony""}],""id"":null,""field"":null,""type"":null,""input"":null,""operator"":null,""value"":null}",1,1
pr-136,196,related-products,"{""condition"":""AND"",""rules"":[{""condition"":null,""rules"":{},""id"":""product.json.brand"",""field"":""spy_product_abstract.attributes"",""type"":""string"",""input"":""text"",""operator"":""equal"",""value"":""Sony""}],""id"":null,""field"":null,""type"":null,""input"":null,""operator"":null,""value"":null}",1,1
pr-137,198,related-products,"{""condition"":""AND"",""rules"":[{""condition"":null,""rules"":{},""id"":""product.json.brand"",""field"":""spy_product_abstract.attributes"",""type"":""string"",""input"":""text"",""operator"":""equal"",""value"":""Sony""}],""id"":null,""field"":null,""type"":null,""input"":null,""operator"":null,""value"":null}",1,1
pr-138,199,related-products,"{""condition"":""AND"",""rules"":[{""condition"":null,""rules"":{},""id"":""product.json.brand"",""field"":""spy_product_abstract.attributes"",""type"":""string"",""input"":""text"",""operator"":""equal"",""value"":""Sony""}],""id"":null,""field"":null,""type"":null,""input"":null,""operator"":null,""value"":null}",1,1
pr-139,200,related-products,"{""condition"":""AND"",""rules"":[{""condition"":null,""rules"":{},""id"":""product.json.brand"",""field"":""spy_product_abstract.attributes"",""type"":""string"",""input"":""text"",""operator"":""equal"",""value"":""Sony""}],""id"":null,""field"":null,""type"":null,""input"":null,""operator"":null,""value"":null}",1,1
pr-140,201,related-products,"{""condition"":""AND"",""rules"":[{""condition"":null,""rules"":{},""id"":""product.json.brand"",""field"":""spy_product_abstract.attributes"",""type"":""string"",""input"":""text"",""operator"":""equal"",""value"":""Sony""}],""id"":null,""field"":null,""type"":null,""input"":null,""operator"":null,""value"":null}",1,1
pr-141,202,related-products,"{""condition"":""AND"",""rules"":[{""condition"":null,""rules"":{},""id"":""product.json.brand"",""field"":""spy_product_abstract.attributes"",""type"":""string"",""input"":""text"",""operator"":""equal"",""value"":""Sony""}],""id"":null,""field"":null,""type"":null,""input"":null,""operator"":null,""value"":null}",1,1
pr-142,203,related-products,"{""condition"":""AND"",""rules"":[{""condition"":null,""rules"":{},""id"":""product.json.brand"",""field"":""spy_product_abstract.attributes"",""type"":""string"",""input"":""text"",""operator"":""equal"",""value"":""Sony""}],""id"":null,""field"":null,""type"":null,""input"":null,""operator"":null,""value"":null}",1,1
pr-143,204,related-products,"{""condition"":""AND"",""rules"":[{""condition"":null,""rules"":{},""id"":""product.json.brand"",""field"":""spy_product_abstract.attributes"",""type"":""string"",""input"":""text"",""operator"":""equal"",""value"":""Sony""}],""id"":null,""field"":null,""type"":null,""input"":null,""operator"":null,""value"":null}",1,1
