abstract_sku,concrete_sku,price_type,store,currency,value_net,value_gross,price_data.volume_prices
001,,DEFAULT,AT,EUR,8999,9999,
002,,DEFAULT,AT,EUR,8999,9999,
003,,DEFAULT,AT,EUR,5850,6500,
004,,DEFAULT,AT,EUR,6300,7000,
005,,DEFAULT,AT,EUR,6300,7000,
006,,DEFAULT,AT,EUR,31050,34500,
007,,DEFAULT,AT,EUR,31050,34500,
008,,DEFAULT,AT,EUR,31050,34500,
009,,DEFAULT,AT,EUR,8999,9999,
010,,DEFAULT,AT,EUR,31140,34600,
011,,DEFAULT,AT,EUR,32940,36600,
012,,DEFAULT,AT,EUR,32940,36600,
013,,DEFAULT,AT,EUR,5129,5699,
014,,DEFAULT,AT,EUR,4121,4579,
015,,DEFAULT,AT,EUR,5400,6000,
016,,DEFAULT,AT,EUR,8999,9999,
017,,DEFAULT,AT,EUR,311129,345699,
018,,DEFAULT,AT,EUR,31139,34599,
019,,DEFAULT,AT,EUR,8999,9999,
020,,DEFAULT,AT,EUR,9522,10580,
021,,DEFAULT,AT,EUR,9612,10680,
022,,DEFAULT,AT,EUR,23400,26000,
023,,DEFAULT,AT,EUR,24051,26723,
024,,DEFAULT,AT,EUR,40050,44500,
025,,DEFAULT,AT,EUR,27000,30000,
026,,DEFAULT,AT,EUR,3780,4200,
027,,DEFAULT,AT,EUR,4410,4900,
028,,DEFAULT,AT,EUR,2700,3000,
029,,DEFAULT,AT,EUR,36922,41024,
030,,DEFAULT,AT,EUR,40522,45024,
031,,DEFAULT,AT,EUR,36022,40024,
032,,DEFAULT,AT,EUR,2520,2800,
033,,DEFAULT,AT,EUR,2250,2500,
034,,DEFAULT,AT,EUR,27917,31019,
035,,DEFAULT,AT,EUR,26772,29747,
036,,DEFAULT,AT,EUR,16199,17999,
037,,DEFAULT,AT,EUR,15299,16999,
038,,DEFAULT,AT,EUR,14399,15999,
039,,DEFAULT,AT,EUR,14309,15899,
040,,DEFAULT,AT,EUR,14219,15799,
041,,DEFAULT,AT,EUR,9342,10380,
042,,DEFAULT,AT,EUR,8172,9080,
043,,DEFAULT,AT,EUR,6590,7322,
044,,DEFAULT,AT,EUR,28934,32149,
045,,DEFAULT,AT,EUR,35295,39217,
046,,DEFAULT,AT,EUR,3707,4119,
047,,DEFAULT,AT,EUR,5152,5724,
048,,DEFAULT,AT,EUR,11020,12244,
049,,DEFAULT,AT,EUR,15025,16694,
050,,DEFAULT,AT,EUR,27706,30784,
051,,DEFAULT,AT,EUR,11185,12428,
,051_29567823,DEFAULT,AT,EUR,10800,12000,
,051_30107816,DEFAULT,AT,EUR,11250,12500,
,051_30614390,DEFAULT,AT,EUR,11520,12800,
052,,DEFAULT,AT,EUR,8102,9002,
,052_29567823,DEFAULT,AT,EUR,8010,8900,
,052_30107816,DEFAULT,AT,EUR,9450,10500,
,052_30614390,DEFAULT,AT,EUR,7650,8500,
053,,DEFAULT,AT,EUR,36586,40651,
,053_29567823,DEFAULT,AT,EUR,31892,35435,
054,,DEFAULT,AT,EUR,1691,1879,
055,,DEFAULT,AT,EUR,17223,19137,
056,,DEFAULT,AT,EUR,29939,33265,
057,,DEFAULT,AT,EUR,37205,41339,
058,,DEFAULT,AT,EUR,23789,26432,
,058_24245592,DEFAULT,AT,EUR,3109,3454,
,058_26175504,DEFAULT,AT,EUR,38661,42957,
059,,DEFAULT,AT,EUR,33068,36742,
,059_24245592,DEFAULT,AT,EUR,19073,21192,
,059_26175504,DEFAULT,AT,EUR,39764,44182,
,059_26027598,DEFAULT,AT,EUR,33622,37358,
060,,DEFAULT,AT,EUR,37653,41837,
,060_24245592,DEFAULT,AT,EUR,6686,7429,
,060_26175504,DEFAULT,AT,EUR,37653,41837,
,060_26027598,DEFAULT,AT,EUR,35829,39810,
061,,DEFAULT,AT,EUR,25178,27975,
062,,DEFAULT,AT,EUR,2657,2952,
063,,DEFAULT,AT,EUR,17730,19700,
064,,DEFAULT,AT,EUR,4903,5448,
065,,DEFAULT,AT,EUR,28949,32166,
066,,DEFAULT,AT,EUR,35418,39353,
067,,DEFAULT,AT,EUR,20016,22240,
068,,DEFAULT,AT,EUR,7205,8005,
069,,DEFAULT,AT,EUR,18011,20012,
070,,DEFAULT,AT,EUR,26710,29678,
,070_133745031,DEFAULT,AT,EUR,39992,44436,
,070_203704321,DEFAULT,AT,EUR,15369,17077,
,070_133913221,DEFAULT,AT,EUR,36416,40462,
,070_133745032,DEFAULT,AT,EUR,21992,24435,
,070_203704322,DEFAULT,AT,EUR,37918,42131,
,070_133913222,DEFAULT,AT,EUR,37418,41575,
,070_133745033,DEFAULT,AT,EUR,10543,11714,
071,,DEFAULT,AT,EUR,9562,10624,
072,,DEFAULT,AT,EUR,37428,41587,
,072_19618271,DEFAULT,AT,EUR,14982,16647,
,072_21927455,DEFAULT,AT,EUR,12279,13643,
073,,DEFAULT,AT,EUR,39112,43458,
,073_19618271,DEFAULT,AT,EUR,6036,6707,
,073_21927455,DEFAULT,AT,EUR,28503,31670,
074,,DEFAULT,AT,EUR,1789,1988,
075,,DEFAULT,AT,EUR,31109,34566,
076,,DEFAULT,AT,EUR,32140,35711,
077,,DEFAULT,AT,EUR,13099,14554,
078,,DEFAULT,AT,EUR,23026,25584,
079,,DEFAULT,AT,EUR,38252,42502,
080,,DEFAULT,AT,EUR,22693,25214,
081,,DEFAULT,AT,EUR,35196,39107,
082,,DEFAULT,AT,EUR,33381,37090,
083,,DEFAULT,AT,EUR,29928,33253,
084,,DEFAULT,AT,EUR,29120,32355,
085,,DEFAULT,AT,EUR,34351,38168,
086,,DEFAULT,AT,EUR,16201,18001,
087,,DEFAULT,AT,EUR,16574,18415,
088,,DEFAULT,AT,EUR,8879,9865,
089,,DEFAULT,AT,EUR,37254,41393,
090,,DEFAULT,AT,EUR,18144,20160,
091,,DEFAULT,AT,EUR,17741,19712,
092,,DEFAULT,AT,EUR,15713,17459,
093,,DEFAULT,AT,EUR,22409,24899,
094,,DEFAULT,AT,EUR,25360,28178,
095,,DEFAULT,AT,EUR,16195,17994,
096,,DEFAULT,AT,EUR,25975,28861,
097,,DEFAULT,AT,EUR,35520,39467,
098,,DEFAULT,AT,EUR,22446,24940,
099,,DEFAULT,AT,EUR,20709,23010,
100,,DEFAULT,AT,EUR,5649,6277,
101,,DEFAULT,AT,EUR,29618,32909,
102,,DEFAULT,AT,EUR,12479,13865,
103,,DEFAULT,AT,EUR,18229,20254,
104,,DEFAULT,AT,EUR,3526,3918,
105,,DEFAULT,AT,EUR,23977,26641,
106,,DEFAULT,AT,EUR,40242,44713,
107,,DEFAULT,AT,EUR,10450,11611,
108,,DEFAULT,AT,EUR,15997,17774,
109,,DEFAULT,AT,EUR,11315,12572,
110,,DEFAULT,AT,EUR,31201,34668,
111,,DEFAULT,AT,EUR,17611,19568,
112,,DEFAULT,AT,EUR,22415,24905,
,112_312526171,DEFAULT,AT,EUR,39351,43723,
,112_306918001,DEFAULT,AT,EUR,1871,2079,
,112_312526191,DEFAULT,AT,EUR,1863,2070,
,112_312526172,DEFAULT,AT,EUR,29798,33109,
,112_306918002,DEFAULT,AT,EUR,35256,39173,
,112_312526192,DEFAULT,AT,EUR,12596,13995,
,112_306918003,DEFAULT,AT,EUR,16603,18448,
,112_312526193,DEFAULT,AT,EUR,14645,16272,
113,,DEFAULT,AT,EUR,8999,9999,
114,,DEFAULT,AT,EUR,8999,9999,
,114_29911081,DEFAULT,AT,EUR,5850,6500,
,114_30580483,DEFAULT,AT,EUR,6300,7000,
115,,DEFAULT,AT,EUR,6300,7000,
,115_27295368,DEFAULT,AT,EUR,31050,34500,
,115_26440118,DEFAULT,AT,EUR,31050,34500,
,115_26408656,DEFAULT,AT,EUR,31050,34500,
116,,DEFAULT,AT,EUR,8999,9999,
,116_29743424,DEFAULT,AT,EUR,31140,34600,
,116_28684053,DEFAULT,AT,EUR,32940,36600,
117,,DEFAULT,AT,EUR,32940,36600,
,117_29890338,DEFAULT,AT,EUR,5129,5699,
,117_30585828,DEFAULT,AT,EUR,4121,4579,
118,,DEFAULT,AT,EUR,5400,6000,
119,,DEFAULT,AT,EUR,8999,9999,
120,,DEFAULT,AT,EUR,311129,345699,
,120_29890350,DEFAULT,AT,EUR,31139,34599,
,120_30069636,DEFAULT,AT,EUR,8999,9999,
,120_30069631,DEFAULT,AT,EUR,9522,10580,
121,,DEFAULT,AT,EUR,9612,10680,
,121_29406823,DEFAULT,AT,EUR,23400,26000,
,121_28542963,DEFAULT,AT,EUR,24051,26723,
,121_28549476,DEFAULT,AT,EUR,40050,44500,
122,,DEFAULT,AT,EUR,27000,30000,
,122_22308524,DEFAULT,AT,EUR,3780,4200,
,122_26145672,DEFAULT,AT,EUR,4410,4900,
123,,DEFAULT,AT,EUR,2700,3000,
,123_29866607,DEFAULT,AT,EUR,36922,41024,
,123_30610368,DEFAULT,AT,EUR,40522,45024,
,123_29866603,DEFAULT,AT,EUR,36022,40024,
124,,DEFAULT,AT,EUR,2520,2800,
,124_31623088,DEFAULT,AT,EUR,2250,2500,
,124_29866591,DEFAULT,AT,EUR,27917,31019,
125,,DEFAULT,AT,EUR,26772,29747,
,125_30703764,DEFAULT,AT,EUR,16199,17999,
,125_30350012,DEFAULT,AT,EUR,15299,16999,
126,,DEFAULT,AT,EUR,14399,15999,
,126_24722439,DEFAULT,AT,EUR,14309,15899,
,126_30407844,DEFAULT,AT,EUR,14219,15799,
,126_26280142,DEFAULT,AT,EUR,9342,10380,
127,,DEFAULT,AT,EUR,8172,9080,
,127_22828284,DEFAULT,AT,EUR,6590,7322,
,127_22613708,DEFAULT,AT,EUR,28934,32149,
,127_20723326,DEFAULT,AT,EUR,35295,39217,
,127_22613709,DEFAULT,AT,EUR,3707,4119,
128,,DEFAULT,AT,EUR,5152,5724,
,128_29955336,DEFAULT,AT,EUR,11020,12244,
,128_27314278,DEFAULT,AT,EUR,15025,16694,
129,,DEFAULT,AT,EUR,27706,30784,
,129_30706500,DEFAULT,AT,EUR,11185,12428,
,129_27107297,DEFAULT,AT,EUR,21385,23761,
,129_24325712,DEFAULT,AT,EUR,30155,33505,
130,,DEFAULT,AT,EUR,19849,22054,
,130_29285281,DEFAULT,AT,EUR,8102,9002,
,130_24326086,DEFAULT,AT,EUR,28641,31823,
,130_24725761,DEFAULT,AT,EUR,38033,42259,
131,131_24872891,DEFAULT,AT,EUR,6629,7365,
132,132_30619567,DEFAULT,AT,EUR,36586,40651,
133,133_31743669,DEFAULT,AT,EUR,31892,35435,
134,,DEFAULT,AT,EUR,1691,1879,
135,,DEFAULT,AT,EUR,17223,19137,
136,,DEFAULT,AT,EUR,29939,33265,
137,,DEFAULT,AT,EUR,37205,41339,
138,,DEFAULT,AT,EUR,23789,26432,
139,,DEFAULT,AT,EUR,23945,23945,
140,,DEFAULT,AT,EUR,38661,42957,
141,,DEFAULT,AT,EUR,33068,36742,
142,,DEFAULT,AT,EUR,19073,21192,
143,,DEFAULT,AT,EUR,39764,44182,
144,,DEFAULT,AT,EUR,33622,37358,
145,,DEFAULT,AT,EUR,6686,7429,
146,,DEFAULT,AT,EUR,37653,41837,
147,,DEFAULT,AT,EUR,35829,39810,
148,,DEFAULT,AT,EUR,25178,27975,
149,,DEFAULT,AT,EUR,2657,2952,
150,,DEFAULT,AT,EUR,17730,19700,
151,,DEFAULT,AT,EUR,4903,5448,
152,,DEFAULT,AT,EUR,28949,32166,
153,,DEFAULT,AT,EUR,35418,39353,
154,,DEFAULT,AT,EUR,20016,22240,
155,,DEFAULT,AT,EUR,7205,8005,
156,,DEFAULT,AT,EUR,18011,20012,
157,,DEFAULT,AT,EUR,26710,29678,
158,,DEFAULT,AT,EUR,39992,44436,
159,,DEFAULT,AT,EUR,15369,17077,
160,,DEFAULT,AT,EUR,36416,40462,
161,,DEFAULT,AT,EUR,21992,24435,
162,,DEFAULT,AT,EUR,37918,42131,
163,,DEFAULT,AT,EUR,37418,41575,
164,,DEFAULT,AT,EUR,10543,11714,
165,,DEFAULT,AT,EUR,9562,10624,
166,,DEFAULT,AT,EUR,37428,41587,
167,,DEFAULT,AT,EUR,14982,16647,
168,,DEFAULT,AT,EUR,12279,13643,
169,,DEFAULT,AT,EUR,39112,43458,
170,,DEFAULT,AT,EUR,6036,6707,
171,,DEFAULT,AT,EUR,28503,31670,
172,,DEFAULT,AT,EUR,1789,1988,
173,,DEFAULT,AT,EUR,31109,34566,
174,,DEFAULT,AT,EUR,32140,35711,
175,,DEFAULT,AT,EUR,13099,14554,
176,,DEFAULT,AT,EUR,23026,25584,
177,,DEFAULT,AT,EUR,38252,42502,
178,,DEFAULT,AT,EUR,22693,25214,
179,,DEFAULT,AT,EUR,35196,39107,
180,,DEFAULT,AT,EUR,33381,37090,
181,,DEFAULT,AT,EUR,29928,33253,
182,,DEFAULT,AT,EUR,29120,32355,
183,,DEFAULT,AT,EUR,34351,38168,
184,,DEFAULT,AT,EUR,16201,18001,
185,,DEFAULT,AT,EUR,16574,18415,
186,,DEFAULT,AT,EUR,8879,9865,
187,,DEFAULT,AT,EUR,37254,41393,
188,,DEFAULT,AT,EUR,18144,20160,
189,,DEFAULT,AT,EUR,17741,19712,
190,,DEFAULT,AT,EUR,15713,17459,
191,,DEFAULT,AT,EUR,22409,24899,
192,,DEFAULT,AT,EUR,25360,28178,
193,,DEFAULT,AT,EUR,16195,17994,"[{""quantity"":5,""net_price"":150,""gross_price"":165}, {""quantity"":10,""net_price"":145,""gross_price"":158}, {""quantity"":20,""net_price"":140,""gross_price"":152}]"
194,,DEFAULT,AT,EUR,25975,28861,
195,,DEFAULT,AT,EUR,35520,39467,
196,,DEFAULT,AT,EUR,22446,24940,
197,,DEFAULT,AT,EUR,20709,23010,
198,,DEFAULT,AT,EUR,5649,6277,
199,,DEFAULT,AT,EUR,29618,32909,
200,,DEFAULT,AT,EUR,12479,13865,
201,,DEFAULT,AT,EUR,18229,20254,
202,,DEFAULT,AT,EUR,3526,3918,
203,,DEFAULT,AT,EUR,23977,26641,
204,,DEFAULT,AT,EUR,40242,44713,
205,,DEFAULT,AT,EUR,10450,11611,
206,,DEFAULT,AT,EUR,15997,17774,
207,,DEFAULT,AT,EUR,11315,12572,
208,,DEFAULT,AT,EUR,31201,34668,
209,,DEFAULT,AT,EUR,17611,19568,
210,,DEFAULT,AT,EUR,90000,100000,
211,,DEFAULT,AT,EUR,63450,70500,
212,,DEFAULT,AT,EUR,8550,9500,
213,,DEFAULT,AT,EUR,31500,35000,
214,,DEFAULT,AT,EUR,85500,95000,
001,,ORIGINAL,AT,EUR,11308,12564,
003,,ORIGINAL,AT,EUR,7200,8000,
006,,ORIGINAL,AT,EUR,31320,34800,
010,,ORIGINAL,AT,EUR,32040,35600,
015,,ORIGINAL,AT,EUR,7200,8000,
020,,ORIGINAL,AT,EUR,9539,10599,
024,,ORIGINAL,AT,EUR,40950,45500,
027,,ORIGINAL,AT,EUR,4680,5200,
029,,ORIGINAL,AT,EUR,37800,42000,
030,,ORIGINAL,AT,EUR,42300,47000,
031,,ORIGINAL,AT,EUR,36900,41000,
033,,ORIGINAL,AT,EUR,2520,2800,
036,,ORIGINAL,AT,EUR,17100,19000,
040,,ORIGINAL,AT,EUR,15440,17156,
051,,ORIGINAL,AT,EUR,11700,13000,
052,,ORIGINAL,AT,EUR,10800,12000,
,052_29567823,ORIGINAL,AT,EUR,11700,13000,
,052_30107816,ORIGINAL,AT,EUR,12600,14000,
,052_30614390,ORIGINAL,AT,EUR,10800,12000,
054,,ORIGINAL,AT,EUR,1800,2000,
056,,ORIGINAL,AT,EUR,31500,35000,
059,,ORIGINAL,AT,EUR,36000,40000,
,059_24245592,ORIGINAL,AT,EUR,31500,35000,
,059_26175504,ORIGINAL,AT,EUR,40500,45000,
,059_26027598,ORIGINAL,AT,EUR,36000,40000,
063,,ORIGINAL,AT,EUR,18000,20000,
068,,ORIGINAL,AT,EUR,8100,9000,
072,,ORIGINAL,AT,EUR,37800,42000,
,072_19618271,ORIGINAL,AT,EUR,15300,17000,
,072_21927455,ORIGINAL,AT,EUR,12600,14000,
075,,ORIGINAL,AT,EUR,31500,35000,
077,,ORIGINAL,AT,EUR,13500,15000,
080,,ORIGINAL,AT,EUR,23400,26000,
084,,ORIGINAL,AT,EUR,29700,33000,
089,,ORIGINAL,AT,EUR,37800,42000,
095,,ORIGINAL,AT,EUR,16200,18000,
100,,ORIGINAL,AT,EUR,6300,7000,
104,,ORIGINAL,AT,EUR,3600,4000,
107,,ORIGINAL,AT,EUR,10800,12000,
110,,ORIGINAL,AT,EUR,31500,35000,
114,,ORIGINAL,AT,EUR,9000,10000,
116,,ORIGINAL,AT,EUR,33300,37000,
117,,ORIGINAL,AT,EUR,33300,37000,
,117_29890338,ORIGINAL,AT,EUR,6300,7000,
118,,ORIGINAL,AT,EUR,7200,8000,
122,,ORIGINAL,AT,EUR,36000,40000,
123,,ORIGINAL,AT,EUR,42300,47000,
126,,ORIGINAL,AT,EUR,15300,17000,
,126_24722439,ORIGINAL,AT,EUR,14400,16000,
,126_30407844,ORIGINAL,AT,EUR,14400,16000,
128,,ORIGINAL,AT,EUR,15300,17000,
,128_29955336,ORIGINAL,AT,EUR,15300,17000,
134,,ORIGINAL,AT,EUR,1800,2000,
141,,ORIGINAL,AT,EUR,33300,37000,
147,,ORIGINAL,AT,EUR,36000,40000,
152,,ORIGINAL,AT,EUR,29700,33000,
156,,ORIGINAL,AT,EUR,19800,22000,
159,,ORIGINAL,AT,EUR,17100,19000,
161,,ORIGINAL,AT,EUR,22500,25000,
164,,ORIGINAL,AT,EUR,10800,12000,
169,,ORIGINAL,AT,EUR,40500,45000,
173,,ORIGINAL,AT,EUR,32400,36000,
179,,ORIGINAL,AT,EUR,37800,42000,
181,,ORIGINAL,AT,EUR,31500,35000,
185,,ORIGINAL,AT,EUR,18000,20000,
192,,ORIGINAL,AT,EUR,26100,29000,
198,,ORIGINAL,AT,EUR,6300,7000,
202,,ORIGINAL,AT,EUR,4500,5000,
203,,ORIGINAL,AT,EUR,24300,27000,
211,,ORIGINAL,AT,EUR,65250,72500,
212,,ORIGINAL,AT,EUR,10800,12000,
214,,ORIGINAL,AT,EUR,90000,100000,
001,,DEFAULT,AT,CHF,10349,11499,
002,,DEFAULT,AT,CHF,10349,11499,
003,,DEFAULT,AT,CHF,6728,7475,
004,,DEFAULT,AT,CHF,7245,8050,
005,,DEFAULT,AT,CHF,7245,8050,
006,,DEFAULT,AT,CHF,35708,39675,
007,,DEFAULT,AT,CHF,35708,39675,
008,,DEFAULT,AT,CHF,35708,39675,
009,,DEFAULT,AT,CHF,10349,11499,
010,,DEFAULT,AT,CHF,35811,39790,
011,,DEFAULT,AT,CHF,37881,42090,
012,,DEFAULT,AT,CHF,37881,42090,
013,,DEFAULT,AT,CHF,5898,6554,
014,,DEFAULT,AT,CHF,4739,5266,
015,,DEFAULT,AT,CHF,6210,6900,
016,,DEFAULT,AT,CHF,10349,11499,
017,,DEFAULT,AT,CHF,357798,397554,
018,,DEFAULT,AT,CHF,35810,39789,
019,,DEFAULT,AT,CHF,10349,11499,
020,,DEFAULT,AT,CHF,10950,12167,
021,,DEFAULT,AT,CHF,11054,12282,
022,,DEFAULT,AT,CHF,26910,29900,
023,,DEFAULT,AT,CHF,27659,30731,
024,,DEFAULT,AT,CHF,46058,51175,
025,,DEFAULT,AT,CHF,31050,34500,
026,,DEFAULT,AT,CHF,4347,4830,
027,,DEFAULT,AT,CHF,5072,5635,
028,,DEFAULT,AT,CHF,3105,3450,
029,,DEFAULT,AT,CHF,42460,47178,
030,,DEFAULT,AT,CHF,46600,51778,
031,,DEFAULT,AT,CHF,41425,46028,
032,,DEFAULT,AT,CHF,2898,3220,
033,,DEFAULT,AT,CHF,2588,2875,
034,,DEFAULT,AT,CHF,32105,35672,
035,,DEFAULT,AT,CHF,30788,34209,
036,,DEFAULT,AT,CHF,18629,20699,
037,,DEFAULT,AT,CHF,17594,19549,
038,,DEFAULT,AT,CHF,16559,18399,
039,,DEFAULT,AT,CHF,16455,18284,
040,,DEFAULT,AT,CHF,16352,18169,
041,,DEFAULT,AT,CHF,10743,11937,
042,,DEFAULT,AT,CHF,9398,10442,
043,,DEFAULT,AT,CHF,7579,8420,
044,,DEFAULT,AT,CHF,33274,36971,
045,,DEFAULT,AT,CHF,40589,45100,
046,,DEFAULT,AT,CHF,4263,4737,
047,,DEFAULT,AT,CHF,5925,6583,
048,,DEFAULT,AT,CHF,12673,14081,
049,,DEFAULT,AT,CHF,17279,19198,
050,,DEFAULT,AT,CHF,31862,35402,
051,,DEFAULT,AT,CHF,12863,14292,
,051_29567823,DEFAULT,AT,CHF,12420,13800,
,051_30107816,DEFAULT,AT,CHF,12938,14375,
,051_30614390,DEFAULT,AT,CHF,13248,14720,
052,,DEFAULT,AT,CHF,9317,10352,
,052_29567823,DEFAULT,AT,CHF,9212,10235,
,052_30107816,DEFAULT,AT,CHF,10868,12075,
,052_30614390,DEFAULT,AT,CHF,8798,9775,
053,,DEFAULT,AT,CHF,42074,46749,
,053_29567823,DEFAULT,AT,CHF,36676,40750,
054,,DEFAULT,AT,CHF,1945,2161,
055,,DEFAULT,AT,CHF,19806,22008,
056,,DEFAULT,AT,CHF,34430,38255,
057,,DEFAULT,AT,CHF,42786,47540,
058,,DEFAULT,AT,CHF,27357,30397,
,058_24245592,DEFAULT,AT,CHF,3575,3972,
,058_26175504,DEFAULT,AT,CHF,44460,49401,
059,,DEFAULT,AT,CHF,38028,42253,
,059_24245592,DEFAULT,AT,CHF,21934,24371,
,059_26175504,DEFAULT,AT,CHF,45729,50809,
,059_26027598,DEFAULT,AT,CHF,38665,42962,
060,,DEFAULT,AT,CHF,43301,48113,
,060_24245592,DEFAULT,AT,CHF,7689,8543,
,060_26175504,DEFAULT,AT,CHF,43301,48113,
,060_26027598,DEFAULT,AT,CHF,41203,45782,
061,,DEFAULT,AT,CHF,28955,32171,
062,,DEFAULT,AT,CHF,3056,3395,
063,,DEFAULT,AT,CHF,20390,22655,
064,,DEFAULT,AT,CHF,5638,6265,
065,,DEFAULT,AT,CHF,33291,36991,
066,,DEFAULT,AT,CHF,40731,45256,
067,,DEFAULT,AT,CHF,23018,25576,
068,,DEFAULT,AT,CHF,8286,9206,
069,,DEFAULT,AT,CHF,20713,23014,
070,,DEFAULT,AT,CHF,30717,34130,
,070_133745031,DEFAULT,AT,CHF,45991,51101,
,070_203704321,DEFAULT,AT,CHF,17674,19639,
,070_133913221,DEFAULT,AT,CHF,41878,46531,
,070_133745032,DEFAULT,AT,CHF,25291,28100,
,070_203704322,DEFAULT,AT,CHF,43606,48451,
,070_133913222,DEFAULT,AT,CHF,43031,47811,
,070_133745033,DEFAULT,AT,CHF,12124,13471,
071,,DEFAULT,AT,CHF,10996,12218,
072,,DEFAULT,AT,CHF,43042,47825,
,072_19618271,DEFAULT,AT,CHF,17229,19144,
,072_21927455,DEFAULT,AT,CHF,14121,15689,
073,,DEFAULT,AT,CHF,44979,49977,
,073_19618271,DEFAULT,AT,CHF,6941,7713,
,073_21927455,DEFAULT,AT,CHF,32778,36421,
074,,DEFAULT,AT,CHF,2057,2286,
075,,DEFAULT,AT,CHF,35775,39751,
076,,DEFAULT,AT,CHF,36961,41068,
077,,DEFAULT,AT,CHF,15064,16737,
078,,DEFAULT,AT,CHF,26480,29422,
079,,DEFAULT,AT,CHF,43990,48877,
080,,DEFAULT,AT,CHF,26097,28996,
081,,DEFAULT,AT,CHF,40475,44973,
082,,DEFAULT,AT,CHF,38388,42654,
083,,DEFAULT,AT,CHF,34417,38241,
084,,DEFAULT,AT,CHF,33488,37208,
085,,DEFAULT,AT,CHF,39504,43893,
086,,DEFAULT,AT,CHF,18631,20701,
087,,DEFAULT,AT,CHF,19060,21177,
088,,DEFAULT,AT,CHF,10211,11345,
089,,DEFAULT,AT,CHF,42842,47602,
090,,DEFAULT,AT,CHF,20866,23184,
091,,DEFAULT,AT,CHF,20402,22669,
092,,DEFAULT,AT,CHF,18070,20078,
093,,DEFAULT,AT,CHF,25770,28634,
094,,DEFAULT,AT,CHF,29164,32405,
095,,DEFAULT,AT,CHF,18624,20693,
096,,DEFAULT,AT,CHF,29871,33190,
097,,DEFAULT,AT,CHF,40848,45387,
098,,DEFAULT,AT,CHF,25813,28681,
099,,DEFAULT,AT,CHF,23815,26462,
100,,DEFAULT,AT,CHF,6496,7219,
101,,DEFAULT,AT,CHF,34061,37845,
102,,DEFAULT,AT,CHF,14351,15945,
103,,DEFAULT,AT,CHF,20963,23292,
104,,DEFAULT,AT,CHF,4055,4506,
105,,DEFAULT,AT,CHF,27574,30637,
106,,DEFAULT,AT,CHF,46278,51420,
107,,DEFAULT,AT,CHF,12018,13353,
108,,DEFAULT,AT,CHF,18397,20440,
109,,DEFAULT,AT,CHF,13012,14458,
110,,DEFAULT,AT,CHF,35881,39868,
111,,DEFAULT,AT,CHF,20253,22503,
112,,DEFAULT,AT,CHF,25777,28641,
,112_312526171,DEFAULT,AT,CHF,45254,50281,
,112_306918001,DEFAULT,AT,CHF,2152,2391,
,112_312526191,DEFAULT,AT,CHF,2142,2381,
,112_312526172,DEFAULT,AT,CHF,34268,38075,
,112_306918002,DEFAULT,AT,CHF,40544,45049,
,112_312526192,DEFAULT,AT,CHF,14485,16094,
,112_306918003,DEFAULT,AT,CHF,19093,21215,
,112_312526193,DEFAULT,AT,CHF,16842,18713,
113,,DEFAULT,AT,CHF,10349,11499,
114,,DEFAULT,AT,CHF,10349,11499,
,114_29911081,DEFAULT,AT,CHF,6728,7475,
,114_30580483,DEFAULT,AT,CHF,7245,8050,
115,,DEFAULT,AT,CHF,7245,8050,
,115_27295368,DEFAULT,AT,CHF,35708,39675,
,115_26440118,DEFAULT,AT,CHF,35708,39675,
,115_26408656,DEFAULT,AT,CHF,35708,39675,
116,,DEFAULT,AT,CHF,10349,11499,
,116_29743424,DEFAULT,AT,CHF,35811,39790,
,116_28684053,DEFAULT,AT,CHF,37881,42090,
117,,DEFAULT,AT,CHF,37881,42090,
,117_29890338,DEFAULT,AT,CHF,5898,6554,
,117_30585828,DEFAULT,AT,CHF,4739,5266,
118,,DEFAULT,AT,CHF,6210,6900,
119,,DEFAULT,AT,CHF,10349,11499,
120,,DEFAULT,AT,CHF,357798,397554,
,120_29890350,DEFAULT,AT,CHF,35810,39789,
,120_30069636,DEFAULT,AT,CHF,10349,11499,
,120_30069631,DEFAULT,AT,CHF,10950,12167,
121,,DEFAULT,AT,CHF,11054,12282,
,121_29406823,DEFAULT,AT,CHF,26910,29900,
,121_28542963,DEFAULT,AT,CHF,27659,30731,
,121_28549476,DEFAULT,AT,CHF,46058,51175,
122,,DEFAULT,AT,CHF,31050,34500,
,122_22308524,DEFAULT,AT,CHF,4347,4830,
,122_26145672,DEFAULT,AT,CHF,5072,5635,
123,,DEFAULT,AT,CHF,3105,3450,
,123_29866607,DEFAULT,AT,CHF,42460,47178,
,123_30610368,DEFAULT,AT,CHF,46600,51778,
,123_29866603,DEFAULT,AT,CHF,41425,46028,
124,,DEFAULT,AT,CHF,2898,3220,
,124_31623088,DEFAULT,AT,CHF,2588,2875,
,124_29866591,DEFAULT,AT,CHF,32105,35672,
125,,DEFAULT,AT,CHF,30788,34209,
,125_30703764,DEFAULT,AT,CHF,18629,20699,
,125_30350012,DEFAULT,AT,CHF,17594,19549,
126,,DEFAULT,AT,CHF,16559,18399,
,126_24722439,DEFAULT,AT,CHF,16455,18284,
,126_30407844,DEFAULT,AT,CHF,16352,18169,
,126_26280142,DEFAULT,AT,CHF,10743,11937,
127,,DEFAULT,AT,CHF,9398,10442,
,127_22828284,DEFAULT,AT,CHF,7579,8420,
,127_22613708,DEFAULT,AT,CHF,33274,36971,
,127_20723326,DEFAULT,AT,CHF,40589,45100,
,127_22613709,DEFAULT,AT,CHF,4263,4737,
128,,DEFAULT,AT,CHF,5925,6583,
,128_29955336,DEFAULT,AT,CHF,12673,14081,
,128_27314278,DEFAULT,AT,CHF,17279,19198,
129,,DEFAULT,AT,CHF,31862,35402,
,129_30706500,DEFAULT,AT,CHF,12863,14292,
,129_27107297,DEFAULT,AT,CHF,24593,27325,
,129_24325712,DEFAULT,AT,CHF,34678,38531,
130,,DEFAULT,AT,CHF,22826,25362,
,130_29285281,DEFAULT,AT,CHF,9317,10352,
,130_24326086,DEFAULT,AT,CHF,32937,36596,
,130_24725761,DEFAULT,AT,CHF,43738,48598,
131,131_24872891,DEFAULT,AT,CHF,7623,8470,
132,132_30619567,DEFAULT,AT,CHF,42074,46749,
133,133_31743669,DEFAULT,AT,CHF,36676,40750,
134,,DEFAULT,AT,CHF,1945,2161,
135,,DEFAULT,AT,CHF,19806,22008,
136,,DEFAULT,AT,CHF,34430,38255,
137,,DEFAULT,AT,CHF,42786,47540,
138,,DEFAULT,AT,CHF,27357,30397,
139,,DEFAULT,AT,CHF,27710,27710,
140,,DEFAULT,AT,CHF,44460,49401,
141,,DEFAULT,AT,CHF,38028,42253,
142,,DEFAULT,AT,CHF,21934,24371,
143,,DEFAULT,AT,CHF,45729,50809,
144,,DEFAULT,AT,CHF,38665,42962,
145,,DEFAULT,AT,CHF,7689,8543,
146,,DEFAULT,AT,CHF,43301,48113,
147,,DEFAULT,AT,CHF,41203,45782,
148,,DEFAULT,AT,CHF,28955,32171,
149,,DEFAULT,AT,CHF,3056,3395,
150,,DEFAULT,AT,CHF,20390,22655,
151,,DEFAULT,AT,CHF,5638,6265,
152,,DEFAULT,AT,CHF,33291,36991,
153,,DEFAULT,AT,CHF,40731,45256,
154,,DEFAULT,AT,CHF,23018,25576,
155,,DEFAULT,AT,CHF,8286,9206,
156,,DEFAULT,AT,CHF,20713,23014,
157,,DEFAULT,AT,CHF,30717,34130,
158,,DEFAULT,AT,CHF,45991,51101,
159,,DEFAULT,AT,CHF,17674,19639,
160,,DEFAULT,AT,CHF,41878,46531,
161,,DEFAULT,AT,CHF,25291,28100,
162,,DEFAULT,AT,CHF,43606,48451,
163,,DEFAULT,AT,CHF,43031,47811,
164,,DEFAULT,AT,CHF,12124,13471,
165,,DEFAULT,AT,CHF,10996,12218,
166,,DEFAULT,AT,CHF,43042,47825,
167,,DEFAULT,AT,CHF,17229,19144,
168,,DEFAULT,AT,CHF,14121,15689,
169,,DEFAULT,AT,CHF,44979,49977,
170,,DEFAULT,AT,CHF,6941,7713,
171,,DEFAULT,AT,CHF,32778,36421,
172,,DEFAULT,AT,CHF,2057,2286,
173,,DEFAULT,AT,CHF,35775,39751,
174,,DEFAULT,AT,CHF,36961,41068,
175,,DEFAULT,AT,CHF,15064,16737,
176,,DEFAULT,AT,CHF,26480,29422,
177,,DEFAULT,AT,CHF,43990,48877,
178,,DEFAULT,AT,CHF,26097,28996,
179,,DEFAULT,AT,CHF,40475,44973,
180,,DEFAULT,AT,CHF,38388,42654,
181,,DEFAULT,AT,CHF,34417,38241,
182,,DEFAULT,AT,CHF,33488,37208,
183,,DEFAULT,AT,CHF,39504,43893,
184,,DEFAULT,AT,CHF,18631,20701,
185,,DEFAULT,AT,CHF,19060,21177,
186,,DEFAULT,AT,CHF,10211,11345,
187,,DEFAULT,AT,CHF,42842,47602,
188,,DEFAULT,AT,CHF,20866,23184,
189,,DEFAULT,AT,CHF,20402,22669,
190,,DEFAULT,AT,CHF,18070,20078,
191,,DEFAULT,AT,CHF,25770,28634,
192,,DEFAULT,AT,CHF,29164,32405,
193,,DEFAULT,AT,CHF,18624,20693,
194,,DEFAULT,AT,CHF,29871,33190,
195,,DEFAULT,AT,CHF,40848,45387,"[{""quantity"":3,""net_price"":350,""gross_price"":385}, {""quantity"":8,""net_price"":340,""gross_price"":375}]"
196,,DEFAULT,AT,CHF,25813,28681,
197,,DEFAULT,AT,CHF,23815,26462,
198,,DEFAULT,AT,CHF,6496,7219,
199,,DEFAULT,AT,CHF,34061,37845,
200,,DEFAULT,AT,CHF,14351,15945,
201,,DEFAULT,AT,CHF,20963,23292,
202,,DEFAULT,AT,CHF,4055,4506,
203,,DEFAULT,AT,CHF,27574,30637,
204,,DEFAULT,AT,CHF,46278,51420,
205,,DEFAULT,AT,CHF,12018,13353,
206,,DEFAULT,AT,CHF,18397,20440,
207,,DEFAULT,AT,CHF,13012,14458,
208,,DEFAULT,AT,CHF,35881,39868,
209,,DEFAULT,AT,CHF,20253,22503,
210,,DEFAULT,AT,CHF,103500,115000,
211,,DEFAULT,AT,CHF,72968,81075,
212,,DEFAULT,AT,CHF,9833,10925,
213,,DEFAULT,AT,CHF,36225,40250,
214,,DEFAULT,AT,CHF,98325,109250,
001,,ORIGINAL,AT,CHF,13004,14449,
003,,ORIGINAL,AT,CHF,8280,9200,
006,,ORIGINAL,AT,CHF,36018,40020,
010,,ORIGINAL,AT,CHF,36846,40940,
015,,ORIGINAL,AT,CHF,8280,9200,
020,,ORIGINAL,AT,CHF,10970,12189,
024,,ORIGINAL,AT,CHF,47093,52325,
027,,ORIGINAL,AT,CHF,5382,5980,
029,,ORIGINAL,AT,CHF,43470,48300,
030,,ORIGINAL,AT,CHF,48645,54050,
031,,ORIGINAL,AT,CHF,42435,47150,
033,,ORIGINAL,AT,CHF,2898,3220,
036,,ORIGINAL,AT,CHF,19665,21850,
040,,ORIGINAL,AT,CHF,17756,19729,
051,,ORIGINAL,AT,CHF,13455,14950,
052,,ORIGINAL,AT,CHF,12420,13800,
,052_29567823,ORIGINAL,AT,CHF,13455,14950,
,052_30107816,ORIGINAL,AT,CHF,14490,16100,
,052_30614390,ORIGINAL,AT,CHF,12420,13800,
054,,ORIGINAL,AT,CHF,2070,2300,
056,,ORIGINAL,AT,CHF,36225,40250,
059,,ORIGINAL,AT,CHF,41400,46000,
,059_24245592,ORIGINAL,AT,CHF,36225,40250,
,059_26175504,ORIGINAL,AT,CHF,46575,51750,
,059_26027598,ORIGINAL,AT,CHF,41400,46000,
063,,ORIGINAL,AT,CHF,20700,23000,
068,,ORIGINAL,AT,CHF,9315,10350,
072,,ORIGINAL,AT,CHF,43470,48300,
,072_19618271,ORIGINAL,AT,CHF,17595,19550,
,072_21927455,ORIGINAL,AT,CHF,14490,16100,
075,,ORIGINAL,AT,CHF,36225,40250,
077,,ORIGINAL,AT,CHF,15525,17250,
080,,ORIGINAL,AT,CHF,26910,29900,
084,,ORIGINAL,AT,CHF,34155,37950,
089,,ORIGINAL,AT,CHF,43470,48300,
095,,ORIGINAL,AT,CHF,18630,20700,
100,,ORIGINAL,AT,CHF,7245,8050,
104,,ORIGINAL,AT,CHF,4140,4600,
107,,ORIGINAL,AT,CHF,12420,13800,
110,,ORIGINAL,AT,CHF,36225,40250,
114,,ORIGINAL,AT,CHF,10350,11500,
116,,ORIGINAL,AT,CHF,38295,42550,
117,,ORIGINAL,AT,CHF,38295,42550,
,117_29890338,ORIGINAL,AT,CHF,7245,8050,
118,,ORIGINAL,AT,CHF,8280,9200,
122,,ORIGINAL,AT,CHF,41400,46000,
123,,ORIGINAL,AT,CHF,48645,54050,
126,,ORIGINAL,AT,CHF,17595,19550,
,126_24722439,ORIGINAL,AT,CHF,16560,18400,
,126_30407844,ORIGINAL,AT,CHF,16560,18400,
128,,ORIGINAL,AT,CHF,17595,19550,
,128_29955336,ORIGINAL,AT,CHF,17595,19550,
134,,ORIGINAL,AT,CHF,2070,2300,
141,,ORIGINAL,AT,CHF,38295,42550,
147,,ORIGINAL,AT,CHF,41400,46000,
152,,ORIGINAL,AT,CHF,34155,37950,
156,,ORIGINAL,AT,CHF,22770,25300,
159,,ORIGINAL,AT,CHF,19665,21850,
161,,ORIGINAL,AT,CHF,25875,28750,
164,,ORIGINAL,AT,CHF,12420,13800,
169,,ORIGINAL,AT,CHF,46575,51750,
173,,ORIGINAL,AT,CHF,37260,41400,
179,,ORIGINAL,AT,CHF,43470,48300,
181,,ORIGINAL,AT,CHF,36225,40250,
185,,ORIGINAL,AT,CHF,20700,23000,
192,,ORIGINAL,AT,CHF,30015,33350,
198,,ORIGINAL,AT,CHF,7245,8050,
202,,ORIGINAL,AT,CHF,5175,5750,
203,,ORIGINAL,AT,CHF,27945,31050,
211,,ORIGINAL,AT,CHF,75038,83375,
212,,ORIGINAL,AT,CHF,12420,13800,
214,,ORIGINAL,AT,CHF,103500,115000,
666,,DEFAULT,AT,EUR,0,0,
,666_124,DEFAULT,AT,EUR,1000,1000,
,666_125,DEFAULT,AT,EUR,2000,2000,
,666_126,DEFAULT,AT,EUR,3000,3000,
,666_127,DEFAULT,AT,EUR,5000,5000,
,666_128,DEFAULT,AT,EUR,10000,10000,
,666_129,DEFAULT,AT,EUR,20000,20000,
,666_130,DEFAULT,AT,EUR,50000,50000,
,666_131,DEFAULT,AT,EUR,100000,100000,
,666_132,DEFAULT,AT,EUR,200000,200000,
,666_133,DEFAULT,AT,EUR,500000,500000,
666,,DEFAULT,AT,CHF,0,0,
,666_124,DEFAULT,AT,CHF,1000,1000,
,666_125,DEFAULT,AT,CHF,2000,2000,
,666_126,DEFAULT,AT,CHF,3000,3000,
,666_127,DEFAULT,AT,CHF,5000,5000,
,666_128,DEFAULT,AT,CHF,10000,10000,
,666_129,DEFAULT,AT,CHF,20000,20000,
,666_130,DEFAULT,AT,CHF,50000,50000,
,666_131,DEFAULT,AT,CHF,100000,100000,
,666_132,DEFAULT,AT,CHF,200000,200000,
,666_133,DEFAULT,AT,CHF,500000,500000,
